OrthoRecord,Token,Normalized,Status,Comments
urn:cite:hmt:normalized.886,ἂ,ἃ,rejected,
urn:cite:hmt:normalized.686,ά,ἅ,proposed,
urn:cite:hmt:normalized.1682,ᾶ,ἆ,proposed,
urn:cite:hmt:normalized.570,ἀβλητα,ἀβλῆτα,proposed,
urn:cite:hmt:normalized.1269,ἀγγίον,ἅγιον,proposed,
urn:cite:hmt:normalized.1167,αγε,ἄγε,proposed,
urn:cite:hmt:normalized.2,άγει,ἄγει,proposed,
urn:cite:hmt:normalized.473,ἀγκυλυμήτης,ἀγκυλομήτης,proposed,
urn:cite:hmt:normalized.1678,ἀγορην,ἀγορὴν,proposed,
urn:cite:hmt:normalized.1001,ἀδηλον,ἄδηλον,proposed,
urn:cite:hmt:normalized.445,ἀεκοντί,ἀέκοντι,proposed,
urn:cite:hmt:normalized.1671,ἀερος,ἀέρος,proposed,
urn:cite:hmt:normalized.738,αι,αἱ,proposed,
urn:cite:hmt:normalized.186,αί,αἵ,rejected,
urn:cite:hmt:normalized.94,αί,αἵ,proposed,
urn:cite:hmt:normalized.1695,αῖμα,αἷμα,proposed,
urn:cite:hmt:normalized.1702,ἀκμητες,ἀκμῆτες,proposed,
urn:cite:hmt:normalized.1666,άλεισον,ἄλεισον,proposed,
urn:cite:hmt:normalized.1104,αλὶ,ἁλὶ,proposed,
urn:cite:hmt:normalized.1132,αλὶ,ἁλὶ,rejected,
urn:cite:hmt:normalized.1435,αλὶ,ἁλὶ,rejected,
urn:cite:hmt:normalized.1006,ἄλλ,ἄλλ᾽,proposed,
urn:cite:hmt:normalized.719,ἄλλ,ἄλλ᾽,proposed,
urn:cite:hmt:normalized.374,ἁλλα,ἀλλὰ,rejected,
urn:cite:hmt:normalized.1370,άλλης,ἄλλης,proposed,
urn:cite:hmt:normalized.1421,άλλοις,ἄλλοις,proposed,
urn:cite:hmt:normalized.1394,άλλους,ἅλλους,proposed,
urn:cite:hmt:normalized.1478,άλλω,ἀλλῷ,proposed,
urn:cite:hmt:normalized.84,ἅμ᾽,ἅμα,proposed,
urn:cite:hmt:normalized.351,ἁμβροσιά,ἀμβρόσια,rejected,
urn:cite:hmt:normalized.1203,Αναγυρῳ,Ἀναγύρῳ,proposed,
urn:cite:hmt:normalized.329,ἁναγνωστεον,ἀναγνωστέον,rejected,
urn:cite:hmt:normalized.144,ἄναχθ᾽,ἄναχθ᾽,proposed,
urn:cite:hmt:normalized.236,ἄναχθ᾽,ἄναχθ᾽,proposed,
urn:cite:hmt:normalized.1676,ανδρομάχῃ,ἀνδρομάχῃ,proposed,
urn:cite:hmt:normalized.1088,ἁπλην,ἁπλῆν,proposed,
urn:cite:hmt:normalized.375,ἁπο,ἁπό,proposed,
urn:cite:hmt:normalized.1495,άρας,ἄρας,proposed,
urn:cite:hmt:normalized.155,ἄρηϊφίλος,ἄρηι,rejected,
urn:cite:hmt:normalized.247,ἄρηϊφίλος,ἄρηι,rejected,
urn:cite:hmt:normalized.1270,ἁρμόνιον,ἁρμονίαν,rejected,
urn:cite:hmt:normalized.1496,άσηπτα,ἄσηπτα,proposed,
urn:cite:hmt:normalized.720,ἄφηρημένου,ἀφῃρημένου,proposed,
urn:cite:hmt:normalized.449,ἄτοπων,ἀτόπων,proposed,
urn:cite:hmt:normalized.1566,ἀφρον,ἀφρόν,proposed,
urn:cite:hmt:normalized.971,ἀφρος,ἀφρός,proposed,
urn:cite:hmt:normalized.302,ἀιεί,αἰεί,proposed,
urn:cite:hmt:normalized.1440,ἀκηκοεν,ἀκήκοεν,proposed,
urn:cite:hmt:normalized.78,ἀλ᾽λ᾽,ἀλλ᾽,proposed,
urn:cite:hmt:normalized.1304,ἀλ᾽λ,ἀλλ᾽,proposed,
urn:cite:hmt:normalized.1463,ἀλαλκων,ἀλαλκών,proposed,
urn:cite:hmt:normalized.1162,ἀλλ,ἀλλ᾽,proposed,
urn:cite:hmt:normalized.337,ἀλλ,ἀλλ᾽,proposed,
urn:cite:hmt:normalized.370,ἀλλ,ἀλλ᾽,proposed,
urn:cite:hmt:normalized.474,ἀλλ,ἀλλ᾽,proposed,
urn:cite:hmt:normalized.529,ἀλλ,ἀλλ᾽,proposed,
urn:cite:hmt:normalized.755,ἀλλ,ἀλλ᾽,proposed,
urn:cite:hmt:normalized.839,ἀλλ,ἀλλ᾽,proposed,
urn:cite:hmt:normalized.1122,ἀλλα,ἀλλά,proposed,
urn:cite:hmt:normalized.1150,ἀλλα,ἀλλά,proposed,
urn:cite:hmt:normalized.1163,ἀλλα,ἀλλά,proposed,
urn:cite:hmt:normalized.424,ἀλλα,ἀλλὰ,proposed,
urn:cite:hmt:normalized.446,ἀλλα,ἀλλὰ,proposed,
urn:cite:hmt:normalized.530,ἀλλα,ἀλλά,proposed,
urn:cite:hmt:normalized.645,ἀλλα,ἀλλὰ,proposed,
urn:cite:hmt:normalized.885,ἀλλα,ἀλλά,proposed,
urn:cite:hmt:normalized.804,ἀλλοι,ἄλλοι,proposed,
urn:cite:hmt:normalized.1321,ἀλλω,ἄλλῳ,proposed,
urn:cite:hmt:normalized.276,ἀλλ`᾽,ἀλλ᾽,proposed,
urn:cite:hmt:normalized.303,ἀλλ`',ἀλλ᾽,proposed,
urn:cite:hmt:normalized.394,ἀλλ`᾽,ἀλλ᾽,proposed,
urn:cite:hmt:normalized.763,ἀλλ`᾽,ἀλλ᾽,proposed,
urn:cite:hmt:normalized.815,ἀλλ`᾽,ἀλλ᾽,proposed,
urn:cite:hmt:normalized.1226,ἀμεῖσθαι,ἀμᾶσθαι,proposed,
urn:cite:hmt:normalized.158,ἀμφι,ἀμφί,proposed,
urn:cite:hmt:normalized.250,ἀμφι,ἀμφί,proposed,
urn:cite:hmt:normalized.493,ἀμφι,ἀμφὶ,proposed,
urn:cite:hmt:normalized.658,ἀμφι,ἀμφὶ,proposed,
urn:cite:hmt:normalized.789,ἀμφι,ἀμφὶ,proposed,
urn:cite:hmt:normalized.955,ἀμφι,ἀμφὶ,proposed,
urn:cite:hmt:normalized.277,ἀνα,ἀνὰ,proposed,
urn:cite:hmt:normalized.692,ἀνα,ἀνὰ,proposed,
urn:cite:hmt:normalized.756,ἀνα,ἀνά,proposed,
urn:cite:hmt:normalized.764,ἀνα,ἀνὰ,proposed,
urn:cite:hmt:normalized.948,ἀνα,ἄνα,proposed,
urn:cite:hmt:normalized.980,ἀνα,ἀνὰ,proposed,
urn:cite:hmt:normalized.327,ἀναγνωσιν,ἀνάγνωσιν,proposed,
urn:cite:hmt:normalized.1274,ἀναγνωστεον,ἀναγνωστέον,proposed,
urn:cite:hmt:normalized.1276,ἀναγνωστεον,ἀναγνωστέον,proposed,
urn:cite:hmt:normalized.646,ἀναπλήσης,ἀναπλήσῃς,proposed,
urn:cite:hmt:normalized.1578,ἀναστας,ἀναστᾶς,proposed,
urn:cite:hmt:normalized.371,ἀνδάνω,ἁνδάνω,proposed,
urn:cite:hmt:normalized.1526,ἀνδρων,ἀνδρών,proposed,
urn:cite:hmt:normalized.151,ἀνῄνηται,ἀνήνηται,proposed,
urn:cite:hmt:normalized.242,ἀνῄνηται,ἀνήνηται,proposed,
urn:cite:hmt:normalized.1527,ἀνηρ,ἀνήρ,proposed,
urn:cite:hmt:normalized.1164,ἀνισταμενος,ἀνιστάμενος,proposed,
urn:cite:hmt:normalized.290,ἀντι,ἀντὶ,proposed,
urn:cite:hmt:normalized.411,ἀντι,ἀντὶ,proposed,
urn:cite:hmt:normalized.447,ἀντι,ἀντὶ,proposed,
urn:cite:hmt:normalized.475,ἀντι,ἀντί,proposed,
urn:cite:hmt:normalized.532,ἀντι,ἀντὶ,proposed,
urn:cite:hmt:normalized.647,ἀντι,ἀντὶ,proposed,
urn:cite:hmt:normalized.682,ἀντι,ἀντὶ,proposed,
urn:cite:hmt:normalized.717,ἀντι,ἀντὶ,proposed,
urn:cite:hmt:normalized.757,ἀντι,ἀντί,proposed,
urn:cite:hmt:normalized.777,ἀντι,ἀντὶ,proposed,
urn:cite:hmt:normalized.840,ἀντι,ἀντὶ,proposed,
urn:cite:hmt:normalized.718,ἀνυπώκριτός,ἀνυπόκριτος,proposed,
urn:cite:hmt:normalized.448,ἀπαρεμφατον,ἀπαρέμφατον,proposed,
urn:cite:hmt:normalized.54,ἀπέδοκαν,ἀπέδωκαν,proposed,
urn:cite:hmt:normalized.614,ἀπέδοκαν,ἀπέδωκαν,proposed,
urn:cite:hmt:normalized.372,ἀπεφήνατ,ἀπεφήνατ᾽,proposed,
urn:cite:hmt:normalized.1003,ἀπηντηκεν,ἀπήντηκεν,proposed,
urn:cite:hmt:normalized.1079,ἀπο,ἀπὸ,proposed,
urn:cite:hmt:normalized.136,ἀπο,ἀπό,proposed,
urn:cite:hmt:normalized.228,ἀπο,ἀπό,proposed,
urn:cite:hmt:normalized.278,ἀπο,ἀπὸ,proposed,
urn:cite:hmt:normalized.373,ἀπο,ἀπὸ,proposed,
urn:cite:hmt:normalized.476,ἀπο,ἀπό,proposed,
urn:cite:hmt:normalized.53,ἀπο,ἀπό,proposed,
urn:cite:hmt:normalized.571,ἀπο,ἀπό,proposed,
urn:cite:hmt:normalized.613,ἀπο,ἀπό,proposed,
urn:cite:hmt:normalized.765,ἀπο,ἀπὸ,proposed,
urn:cite:hmt:normalized.533,ἀποβαλλειν,ἀποβάλλειν,proposed,
urn:cite:hmt:normalized.922,ἀποβαλων,ἀποβαλών,proposed,
urn:cite:hmt:normalized.949,ἀποφυγην,ἀποφυγήν,proposed,
urn:cite:hmt:normalized.572,ἀποκοπῆ,ἀποκοπῇ,proposed,
urn:cite:hmt:normalized.1640,ἀπολεσθαι,ἀπολέσθαι,proposed,
urn:cite:hmt:normalized.1004,ἀπολλυμενων,ἀπολλυμένων,proposed,
urn:cite:hmt:normalized.648,ἀπονεμων,ἀπονέμων,proposed,
urn:cite:hmt:normalized.805,ἀποπεσῃ,ἀποπέσῃ,proposed,
urn:cite:hmt:normalized.928,ἀρα,ἀρὰ,proposed,
urn:cite:hmt:normalized.143,ἀραρύιᾱς,ἀραρυίας,proposed,
urn:cite:hmt:normalized.235,ἀραρύιᾱς,ἀραρυίας,proposed,
urn:cite:hmt:normalized.1227,ἀρεσάμενοι,ἀρεσσάμενοι,proposed,
urn:cite:hmt:normalized.477,ἀρσενικως,ἀρσενικῶς,proposed,
urn:cite:hmt:normalized.1100,ἀρχῆ,ἀρχῇ,proposed,
urn:cite:hmt:normalized.841,ἀστερισκος,ἀστερίσκος,proposed,
urn:cite:hmt:normalized.1433,ἀστερος,ἀστέρος,proposed,
urn:cite:hmt:normalized.305,ἀυτὰρ,αὐτὰρ,proposed,
urn:cite:hmt:normalized.306,ἀυτὸν,αὐτὸν,proposed,
urn:cite:hmt:normalized.307,ἀυτὸς,αὐτὸς,proposed,
urn:cite:hmt:normalized.133,άξω,ἄξω,proposed,
urn:cite:hmt:normalized.225,άξω,ἄξω,proposed,
urn:cite:hmt:normalized.694,άγεν,ἄγεν,proposed,
urn:cite:hmt:normalized.1601,άγετ᾽,ἄγετ᾽,proposed,
urn:cite:hmt:normalized.1632,άγετ᾽,ἄγετ᾽,proposed,
urn:cite:hmt:normalized.1462,άγουσι,ἄγουσι,proposed,
urn:cite:hmt:normalized.849,άλλου,ἄλλου,proposed,
urn:cite:hmt:normalized.850,άμεινον,ἄμεινον,proposed,
urn:cite:hmt:normalized.132,άμμι,ἄμμι,proposed,
urn:cite:hmt:normalized.224,άμμι,ἄμμι,proposed,
urn:cite:hmt:normalized.1643,άπτεται,ἅπτεται,proposed,
urn:cite:hmt:normalized.191,άρα,ἄρα,proposed,
urn:cite:hmt:normalized.353,άρα,ἄρα,proposed,
urn:cite:hmt:normalized.62,άρα,ἄρα,proposed,
urn:cite:hmt:normalized.622,άρα,ἄρα,proposed,
urn:cite:hmt:normalized.99,άρα,ἄρα,proposed,
urn:cite:hmt:normalized.310,άρκιος,ἄρκιος,proposed,
urn:cite:hmt:normalized.1103,άρκτου,ἄρκτου,proposed,
urn:cite:hmt:normalized.1131,άρκτου,ἄρκτου,proposed,
urn:cite:hmt:normalized.159,άροσιν,ἄροσιν,proposed,
urn:cite:hmt:normalized.251,άροσιν,ἄροσιν,proposed,
urn:cite:hmt:normalized.1569,άρχεται,ἄρχεται,proposed,
urn:cite:hmt:normalized.18,άψορρόν,ἄψορρόν,proposed,
urn:cite:hmt:normalized.586,άψορρόν,ἄψορρόν,proposed,
urn:cite:hmt:normalized.1648,άψορρον,ἄψορρον,proposed,
urn:cite:hmt:normalized.1443,αδελφικοῦ,ἀδελφικοῦ,proposed,
urn:cite:hmt:normalized.1405,αδελφοὶ,ἀδελφοὶ,proposed,
urn:cite:hmt:normalized.898,αδελφὸν,ἀδελφόν,proposed,
urn:cite:hmt:normalized.296,αδηκότες,ἀδηκότες,proposed,
urn:cite:hmt:normalized.1323,αδικεῖν,ἀδικεῖν,proposed,
urn:cite:hmt:normalized.1206,αδικιας,ἀδικίας,proposed,
urn:cite:hmt:normalized.1184,αδικος,ἄδικος,proposed,
urn:cite:hmt:normalized.1366,αφαῖς,ἁφαῖς,proposed,
urn:cite:hmt:normalized.1260,αφαίρεσιν,ἀφαίρεσιν,proposed,
urn:cite:hmt:normalized.494,αγγείῳ,ἀγγείῳ,proposed,
urn:cite:hmt:normalized.495,αγλαὰ,ἀγλαά,proposed,
urn:cite:hmt:normalized.1625,αγορεύειν,ἀγορεύειν,proposed,
urn:cite:hmt:normalized.70,αγορεύεις,ἀγορεύεις,proposed,
urn:cite:hmt:normalized.665,αγορευεν,ἀγόρευεν,proposed,
urn:cite:hmt:normalized.1548,αγρῶν,ἀγρῶν,proposed,
urn:cite:hmt:normalized.1278,αγωγὰ,ἀγωγά,proposed,
urn:cite:hmt:normalized.1129,αἱγίλιπος,αἰγίλιπος,proposed,
urn:cite:hmt:normalized.1156,αἱγίλιπος,αἰγίλιπος,proposed,
urn:cite:hmt:normalized.400,αἱτιατική,αἰτιατική,proposed,
urn:cite:hmt:normalized.864,αἰσχρον,αἰσχρόν,proposed,
urn:cite:hmt:normalized.865,αἰτιατικης,αἰτιατικῆς,proposed,
urn:cite:hmt:normalized.1075,αίνυτο,αἴνυτο,proposed,
urn:cite:hmt:normalized.430,αίρει,αἵρει,proposed,
urn:cite:hmt:normalized.147,αῖαν,αἶαν,proposed,
urn:cite:hmt:normalized.239,αῖαν,αἶαν,proposed,
urn:cite:hmt:normalized.1613,αῖψ᾽,αἶψ᾽,proposed,
urn:cite:hmt:normalized.547,αῖψα,αἶψα,proposed,
urn:cite:hmt:normalized.628,αιγὶς,αἰγίς,proposed,
urn:cite:hmt:normalized.339,αιτίαν,αἰτίαν,proposed,
urn:cite:hmt:normalized.1348,αιτιατικῆς,αἰτιατικῆς,proposed,
urn:cite:hmt:normalized.396,αιτιατικὴν,αἰτιατικὴν,proposed,
urn:cite:hmt:normalized.27,ακίδος,ἀκίδος,proposed,
urn:cite:hmt:normalized.594,ακίδος,ἀκίδος,proposed,
urn:cite:hmt:normalized.314,ακόλουθον,ἀκόλουθον,proposed,
urn:cite:hmt:normalized.355,ακόλουθον,ἀκόλουθον,proposed,
urn:cite:hmt:normalized.1046,ακοντισε,ἀκόντισε,proposed,
urn:cite:hmt:normalized.26,ακούειν,ἀκούειν,proposed,
urn:cite:hmt:normalized.593,ακούειν,ἀκούειν,proposed,
urn:cite:hmt:normalized.817,ακούειν,ἀκούειν,proposed,
urn:cite:hmt:normalized.1017,ακροτάτῃ,ἀκροτάτῃ,proposed,
urn:cite:hmt:normalized.1591,αλλ᾽,ἄλλ᾽,proposed,
urn:cite:hmt:normalized.1622,αλλ᾽,ἄλλ᾽,proposed,
urn:cite:hmt:normalized.1349,αλλ,ἀλλ᾽,proposed,
urn:cite:hmt:normalized.1127,αλλα,ἀλλά,proposed,
urn:cite:hmt:normalized.1154,αλλα,ἀλλά,proposed,
urn:cite:hmt:normalized.1590,αλλαχοῦ,ἀλλαχοῦ,proposed,
urn:cite:hmt:normalized.1093,αλλήλοις,ἀλλήλοις,proposed,
urn:cite:hmt:normalized.1444,αλλης,ἄλλης,proposed,
urn:cite:hmt:normalized.1324,αλλοφύλων,ἀλλοφύλων,proposed,
urn:cite:hmt:normalized.1372,αλλοι,ἄλλοι,proposed,
urn:cite:hmt:normalized.1195,αλλου,ἄλλου,proposed,
urn:cite:hmt:normalized.1047,αλλω,ἀλλῷ,proposed,
urn:cite:hmt:normalized.397,αλὸς,ἁλὸς,proposed,
urn:cite:hmt:normalized.1445,αλοία,ἀλοία,proposed,
urn:cite:hmt:normalized.1626,αμφότερα,ἀμφοτέρα,proposed,
urn:cite:hmt:normalized.398,αμφοτέροισι,ἀμφοτέροισι,proposed,
urn:cite:hmt:normalized.431,αμφοτέροισι,ἀμφοτέροισι,proposed,
urn:cite:hmt:normalized.1540,αμφοτέροισιν,ἀμφοτέροισιν,proposed,
urn:cite:hmt:normalized.1301,αμφοτέρων,ἀμφοτέρων,proposed,
urn:cite:hmt:normalized.1106,αμφοτέρους,ἀμφοτέρους,proposed,
urn:cite:hmt:normalized.1134,αμφοτέρους,ἀμφοτέρους,proposed,
urn:cite:hmt:normalized.1105,αμάδις,ἀμάδις,proposed,
urn:cite:hmt:normalized.1133,αμάδις,ἀμάδις,proposed,
urn:cite:hmt:normalized.1207,αμύμονας,ἀμύμονας,proposed,
urn:cite:hmt:normalized.1048,αναγκαῖον,ἀναγκαῖον,proposed,
urn:cite:hmt:normalized.399,αναγκαῖον,ἀναγκαῖον,proposed,
urn:cite:hmt:normalized.496,αναγκαῖον,ἀναγκαῖον,proposed,
urn:cite:hmt:normalized.1081,αναιδες,ἀναιδές,proposed,
urn:cite:hmt:normalized.1208,αναθεματικοὺς,ἀναθηματικούς,proposed,
urn:cite:hmt:normalized.1516,αναστρεπτέον,ἀναστρεπτέον,proposed,
urn:cite:hmt:normalized.1582,αναστρεπτέον,ἀναστρεπτέον,proposed,
urn:cite:hmt:normalized.1279,αναστρέφονται,ἀναστρέφονται,proposed,
urn:cite:hmt:normalized.1311,ανδράσι,ἀνδράσι,proposed,
urn:cite:hmt:normalized.1312,ανδρεῖος,ἀνδρεῖος,proposed,
urn:cite:hmt:normalized.861,ανδρῶν,ἀνδρῶν,proposed,
urn:cite:hmt:normalized.1350,ανερας,ἀνέρας,proposed,
urn:cite:hmt:normalized.28,αντι,ἀντὶ,proposed,
urn:cite:hmt:normalized.595,αντι,ἀντὶ,proposed,
urn:cite:hmt:normalized.1455,αντιταξάμενος,ἀντιταξάμενος,proposed,
urn:cite:hmt:normalized.739,αντωνυμία,ἀντωνυμίᾳ,proposed,
urn:cite:hmt:normalized.320,αντωνυμίαν,ἀντωνυμίαν,proposed,
urn:cite:hmt:normalized.862,αντωνυμιῶν,ἀντωνυμιῶν,proposed,
urn:cite:hmt:normalized.1391,αντίον,ἀντίον,proposed,
urn:cite:hmt:normalized.1315,αόρων,ἀόρων,proposed,
urn:cite:hmt:normalized.459,απατᾷ,ἀπατᾷ,proposed,
urn:cite:hmt:normalized.315,απέδῳ,ἀπέδῳ,proposed,
urn:cite:hmt:normalized.629,απεκομίζετο,ἀπεκομίζετο,proposed,
urn:cite:hmt:normalized.1531,απιθανως,ἀπιθάνως,proposed,
urn:cite:hmt:normalized.321,απλῆν,ἁπλῆν,proposed,
urn:cite:hmt:normalized.1465,αποβεβλῆσθαι,ἀποβεβλῆσθαι,proposed,
urn:cite:hmt:normalized.630,απολειται,ἀπολεῖται,proposed,
urn:cite:hmt:normalized.1128,αποπειρᾶται,ἀποπειρᾶται,proposed,
urn:cite:hmt:normalized.1155,αποπειρᾶται,ἀποπειρᾶται,proposed,
urn:cite:hmt:normalized.1539,αθετεῖται,ἀθετεῖται,proposed,
urn:cite:hmt:normalized.859,αθετοῦνται,ἀθετοῦνται,proposed,
urn:cite:hmt:normalized.29,αρέσκει,ἀρέσκει,proposed,
urn:cite:hmt:normalized.596,αρέσκει,ἀρέσκει,proposed,
urn:cite:hmt:normalized.316,αρηγών,ἀρηγών,proposed,
urn:cite:hmt:normalized.1608,αριστερὰ,ἀριστερὰ,proposed,
urn:cite:hmt:normalized.741,αρχαίοι,ἀρχαῖοι,proposed,
urn:cite:hmt:normalized.356,αρχὴν,ἀρχὴν,proposed,
urn:cite:hmt:normalized.666,αστερίσκος,ἀστερίσκος,proposed,
urn:cite:hmt:normalized.1701,άστυ,ἄστυ,proposed,
urn:cite:hmt:normalized.667,ασύνδετα,ἀσύνδετα,proposed,
urn:cite:hmt:normalized.863,ασυμφώνως,ἀσυμφώνως,proposed,
urn:cite:hmt:normalized.627,ατέλεστα,ἀτέλεστα,proposed,
urn:cite:hmt:normalized.1107,ατλήτω,ἀτλήτω,proposed,
urn:cite:hmt:normalized.1135,ατλήτω,ἀτλήτω,proposed,
urn:cite:hmt:normalized.1083,αὐτην,αὐτήν,proposed,
urn:cite:hmt:normalized.1209,αὐτο,αὐτό,proposed,
urn:cite:hmt:normalized.899,αὐτοις,αὐτοῖς,proposed,
urn:cite:hmt:normalized.1094,αὐτον,αὐτόν,proposed,
urn:cite:hmt:normalized.791,αὐτον,αὐτόν,proposed,
urn:cite:hmt:normalized.900,αὐτον,αὐτόν,proposed,
urn:cite:hmt:normalized.931,αὐτον,αὐτόν,proposed,
urn:cite:hmt:normalized.697,αὐτοθεν,αὐτόθεν,proposed,
urn:cite:hmt:normalized.1023,αὐτων,αὐτῶν,proposed,
urn:cite:hmt:normalized.1095,αύτην,αὐτήν,proposed,
urn:cite:hmt:normalized.189,αύτως,αὔτως,proposed,
urn:cite:hmt:normalized.389,αύτως,αὔτως,proposed,
urn:cite:hmt:normalized.401,αύτως,αὕτως,proposed,
urn:cite:hmt:normalized.97,αύτως,αὔτως,proposed,
urn:cite:hmt:normalized.1623,αῦθ᾽,αὖθ᾽,proposed,
urn:cite:hmt:normalized.1373,αῦθι,αὖθι,proposed,
urn:cite:hmt:normalized.275,αῦτ᾽,αὖτ᾽,proposed,
urn:cite:hmt:normalized.548,αῦτ᾽,αὖτ᾽,proposed,
urn:cite:hmt:normalized.762,αῦτ᾽,αὖτ᾽,proposed,
urn:cite:hmt:normalized.393,αῦτε,αὖτε,proposed,
urn:cite:hmt:normalized.87,αῦτε,αὖτε,proposed,
urn:cite:hmt:normalized.498,αῦτη,αὐτῇ,proposed,
urn:cite:hmt:normalized.121,αῦτις,αὖτις,proposed,
urn:cite:hmt:normalized.213,αῦτις,αὖτις,proposed,
urn:cite:hmt:normalized.390,αῦτις,αὖτις,proposed,
urn:cite:hmt:normalized.457,αῦτις,αὖτις,proposed,
urn:cite:hmt:normalized.690,αῦτις,αὖτις,proposed,
urn:cite:hmt:normalized.631,αυταῖς,αὐταῖς,proposed,
urn:cite:hmt:normalized.1292,αυτῆ,αὐτῇ,proposed,
urn:cite:hmt:normalized.30,αυτῆς,αὐτῆς,proposed,
urn:cite:hmt:normalized.1541,αυτῇ,ἀυτῇ,proposed,
urn:cite:hmt:normalized.1082,αυτης,αὐτῇς,proposed,
urn:cite:hmt:normalized.696,αυτὴν,αὐτήν,proposed,
urn:cite:hmt:normalized.1313,αυτῃ,αὐτῇ,proposed,
urn:cite:hmt:normalized.331,αυτοῖς,αὐτοῖς,proposed,
urn:cite:hmt:normalized.1627,αυτοῖσι,αὐτοῖσι,proposed,
urn:cite:hmt:normalized.549,αυτος,αὐτός,proposed,
urn:cite:hmt:normalized.957,αυτου,αὐτοῦ,proposed,
urn:cite:hmt:normalized.460,αυτοῦ,αὑτοῦ,proposed,
urn:cite:hmt:normalized.1549,αυτοχειρὶ,αὐτοχειρὶ,proposed,
urn:cite:hmt:normalized.340,αυτὸν,αὐτὸν,proposed,
urn:cite:hmt:normalized.1022,αυτῶν,αὐτῶν,proposed,
urn:cite:hmt:normalized.550,αυτῶν,αὐτῶν,proposed,
urn:cite:hmt:normalized.1035,αυτῷ,αὐτῷ,proposed,
urn:cite:hmt:normalized.116,αυτῷ,αὐτῷ,proposed,
urn:cite:hmt:normalized.208,αυτῷ,αὐτῷ,proposed,
urn:cite:hmt:normalized.818,αυτῷ,αὐτῷ,proposed,
urn:cite:hmt:normalized.1325,αυτήν,αὐτήν,proposed,
urn:cite:hmt:normalized.1479,αυτόν,αὐτόν,proposed,
urn:cite:hmt:normalized.1045,αζομένη,ἀζομένη,proposed,
urn:cite:hmt:normalized.168,ὰρ᾽,ἄρ᾽,proposed,
urn:cite:hmt:normalized.260,ὰρ᾽,ἄρ᾽,proposed,
urn:cite:hmt:normalized.1310,αίματι,αἵματι,proposed,
urn:cite:hmt:normalized.304,ἀμφ',ἀμφί,proposed,
urn:cite:hmt:normalized.790,αν,ἂν,proposed,
urn:cite:hmt:normalized.860,αν,ἄν,proposed,
urn:cite:hmt:normalized.68,ἀν,ἂν,proposed,
urn:cite:hmt:normalized.1379,ἀν,ἄν,proposed,
urn:cite:hmt:normalized.531,ἀν,ἄν,proposed,
urn:cite:hmt:normalized.693,ὰν,ἂν,proposed,
urn:cite:hmt:normalized.740,ανά,ἀνά,proposed,
urn:cite:hmt:normalized.497,απο,ἀπὸ,proposed,
urn:cite:hmt:normalized.1020,ὰρ,ἂρ᾽,proposed,
urn:cite:hmt:normalized.1043,ὰρ,ἂρ᾽,proposed,
urn:cite:hmt:normalized.17,ὰρ,ἂρ᾽,proposed,
urn:cite:hmt:normalized.585,ὰρ,ἂρ᾽,proposed,
urn:cite:hmt:normalized.61,ὰρ,ἂρ᾽,proposed,
urn:cite:hmt:normalized.621,ὰρ,ἂρ᾽,proposed,
urn:cite:hmt:normalized.379,ὰρ,ἄρ᾽,proposed,
urn:cite:hmt:normalized.929,ὰψ,ἂψ,proposed,
urn:cite:hmt:normalized.309,ὰψ,ἄψ,proposed,
urn:cite:hmt:normalized.124,άν,ἄν,proposed,
urn:cite:hmt:normalized.216,άν,ἄν,proposed,
urn:cite:hmt:normalized.1565,ἀναδιπλασιασμος,ἀναδιπλασιασμός,proposed,
urn:cite:hmt:normalized.1002,ἀπ,ἀπ᾽,proposed,
urn:cite:hmt:normalized.328,ἀπ,ἀπ᾽,proposed,
urn:cite:hmt:normalized.489,ἀπ,ἀπ᾽,proposed,
urn:cite:hmt:normalized.612,ἀπ,ἀπ᾽,proposed,
urn:cite:hmt:normalized.1395,αρ,ἄρ᾽,proposed,
urn:cite:hmt:normalized.52,ἀπ,ἀπ᾽,proposed,
urn:cite:hmt:normalized.127,άρ,ἄρ,proposed,
urn:cite:hmt:normalized.219,άρ,ἄρ,proposed,
urn:cite:hmt:normalized.761,αῦ,αὖ,proposed,
urn:cite:hmt:normalized.1005,ἀφ,ἀφ᾽,proposed,
urn:cite:hmt:normalized.1123,ἀφ,ἀφ᾽,proposed,
urn:cite:hmt:normalized.1151,ἀφ,ἀφ᾽,proposed,
urn:cite:hmt:normalized.683,ἀφ,ἀφ᾽,proposed,
urn:cite:hmt:normalized.842,ἀφ,ἀφ᾽,proposed,
urn:cite:hmt:normalized.461,βαρυτονου,βαρυτόνου,proposed,
urn:cite:hmt:normalized.1232,βασιλεα,βασιλέα,proposed,
urn:cite:hmt:normalized.1249,βασιλϊκότερος,βασιλϊκώτερος,proposed,
urn:cite:hmt:normalized.1108,βεβοληατο,βεβολήατο,proposed,
urn:cite:hmt:normalized.1663,βελε,βέλε᾽,proposed,
urn:cite:hmt:normalized.1024,βελεών,βελέων,proposed,
urn:cite:hmt:normalized.551,βελος,βέλος,proposed,
urn:cite:hmt:normalized.1168,βελτιον,βέλτιον,proposed,
urn:cite:hmt:normalized.866,βελτιον,βέλτιον,proposed,
urn:cite:hmt:normalized.1660,βουσιν,βουσίν,proposed,
urn:cite:hmt:normalized.31,γαρ,γὰρ,proposed,
urn:cite:hmt:normalized.499,γὴν,γῆν,proposed,
urn:cite:hmt:normalized.1420,Γλωσσογραφοι,Γλωσσογράφοι,proposed,
urn:cite:hmt:normalized.341,γεγαμηται,γεγάμηται,proposed,
urn:cite:hmt:normalized.1381,γεγραμμενου,γεγραμμένου,proposed,
urn:cite:hmt:normalized.1619,γενηται,γένηται,proposed,
urn:cite:hmt:normalized.1335,γενικῆ,γενικῇ,proposed,
urn:cite:hmt:normalized.1645,γενικην,γενικήν,proposed,
urn:cite:hmt:normalized.819,γενος,γένος,proposed,
urn:cite:hmt:normalized.1196,γενήση,γενήσῃ,proposed,
urn:cite:hmt:normalized.1210,γερον,γέρον,proposed,
urn:cite:hmt:normalized.867,γεροντων,γερόντων,proposed,
urn:cite:hmt:normalized.820,γερων,γερῶν,proposed,
urn:cite:hmt:normalized.332,γηπεδα,γήπεδα,proposed,
urn:cite:hmt:normalized.1049,γνησιος,γνήσιος,proposed,
urn:cite:hmt:normalized.1326,γραφαι,γραφαί,proposed,
urn:cite:hmt:normalized.868,γραφει,γράφει,proposed,
urn:cite:hmt:normalized.1280,γραφουσιν,γράφουσιν,proposed,
urn:cite:hmt:normalized.1517,γυναικειος,γυναικεῖος,proposed,
urn:cite:hmt:normalized.1261,γυζόν,ζυγόν,proposed,
urn:cite:hmt:normalized.32,δ,δ᾽,proposed,
urn:cite:hmt:normalized.357,δ,δ᾽,rejected,
urn:cite:hmt:normalized.597,δ,δ᾽,proposed,
urn:cite:hmt:normalized.952,δ`,δ᾽,rejected,
urn:cite:hmt:normalized.1037,δ`᾽,δ᾽,rejected,
urn:cite:hmt:normalized.67,δ'`,δ᾽,rejected,
urn:cite:hmt:normalized.13,δ`᾽,δ᾽,rejected,
urn:cite:hmt:normalized.486,δ`᾽,δ᾽,rejected,
urn:cite:hmt:normalized.582,δ`᾽,δ᾽,rejected,
urn:cite:hmt:normalized.624,δ`᾽,δ᾽,rejected,
urn:cite:hmt:normalized.661,δ`᾽,δ᾽,rejected,
urn:cite:hmt:normalized.691,δ`᾽,δ᾽,rejected,
urn:cite:hmt:normalized.854,δ`᾽,δ᾽,rejected,
urn:cite:hmt:normalized.892,δ`᾽,δ᾽,rejected,
urn:cite:hmt:normalized.953,δ`᾽,δ᾽,rejected,
urn:cite:hmt:normalized.978,δ`᾽,δ᾽,rejected,
urn:cite:hmt:normalized.951,δε,δὲ,proposed,
urn:cite:hmt:normalized.385,δε,δέ,proposed,
urn:cite:hmt:normalized.432,δε,δέ,rejected,
urn:cite:hmt:normalized.598,δε,δέ,rejected,
urn:cite:hmt:normalized.1186,δι,δι᾽,proposed,
urn:cite:hmt:normalized.4,δια,διά,proposed,
urn:cite:hmt:normalized.1406,δᾶδα,δᾷδα,proposed,
urn:cite:hmt:normalized.1342,δαιτος,δαιτὸς,proposed,
urn:cite:hmt:normalized.1050,δασυντεον,δασυντέον,proposed,
urn:cite:hmt:normalized.901,δεδομενον,δεδομένον,proposed,
urn:cite:hmt:normalized.552,δεφησιν,δέφησιν,proposed,
urn:cite:hmt:normalized.932,δεινος,δεῖνος,proposed,
urn:cite:hmt:normalized.1407,δερος,δέρος,proposed,
urn:cite:hmt:normalized.500,δευτερον,δεύτερον,proposed,
urn:cite:hmt:normalized.1456,δηιοι,δήιοι,proposed,
urn:cite:hmt:normalized.33,δηλον,δῆλον,proposed,
urn:cite:hmt:normalized.1157,δηλονοτι,δηλονότι,proposed,
urn:cite:hmt:normalized.543,δίπλοος,διπλόος,proposed,
urn:cite:hmt:normalized.633,διάφθορον,διαφθοράν,proposed,
urn:cite:hmt:normalized.902,διαφορα,διαφορά,proposed,
urn:cite:hmt:normalized.903,διαφορον,διάφορον,proposed,
urn:cite:hmt:normalized.342,διακωνος,διάκονος,proposed,
urn:cite:hmt:normalized.1096,διαλόγον,διάλογον,proposed,
urn:cite:hmt:normalized.1646,διασταλτεον,διασταλτέον,proposed,
urn:cite:hmt:normalized.1550,διαστολαι,διαστολαὶ,proposed,
urn:cite:hmt:normalized.869,διαστολη,διαστολή,proposed,
urn:cite:hmt:normalized.904,διεβαλε,διέβαλε,proposed,
urn:cite:hmt:normalized.1679,δικαστηρια,δικαστήρια,proposed,
urn:cite:hmt:normalized.599,διφθογγον,δίφθογγον,proposed,
urn:cite:hmt:normalized.1036,διφρῳ,δίφρῳ,proposed,
urn:cite:hmt:normalized.76,διΐξομαι,διίξομαι,proposed,
urn:cite:hmt:normalized.1197,διογενεὺς,διογενεῦς,proposed,
urn:cite:hmt:normalized.632,διπλη,διπλῆ,proposed,
urn:cite:hmt:normalized.1200,δοκιμασαι,δοκιμάσαι,proposed,
urn:cite:hmt:normalized.1076,δολὶχ,δολὶχ᾽,proposed,
urn:cite:hmt:normalized.905,δορας,δοράς,proposed,
urn:cite:hmt:normalized.1344,δυϊκον,δυϊκὸν,proposed,
urn:cite:hmt:normalized.1262,δυϊκος,δυϊκός,proposed,
urn:cite:hmt:normalized.297,δωσεμέν,δωσέμεν,proposed,
urn:cite:hmt:normalized.1233,δώσῳ,δώσω,proposed,
urn:cite:hmt:normalized.322,ε,ἑ,proposed,
urn:cite:hmt:normalized.1051,ε,ἕ᾽,proposed,
urn:cite:hmt:normalized.1084,ε,ἕ᾽,rejected,
urn:cite:hmt:normalized.1466,εγω,ἐγώ,proposed,
urn:cite:hmt:normalized.1250,εγὼ,ἐγὼ,proposed,
urn:cite:hmt:normalized.822,εγώ,ἐγώ,proposed,
urn:cite:hmt:normalized.1251,εις,εἰς,proposed,
urn:cite:hmt:normalized.555,ενι,ἐνί,proposed,
urn:cite:hmt:normalized.1428,ενὶ,ἐνὶ,proposed,
urn:cite:hmt:normalized.1690,έντυχοι,ἐντύχοι,proposed,
urn:cite:hmt:normalized.317,επι,ἐπὶ,proposed,
urn:cite:hmt:normalized.361,επι,ἐπὶ,proposed,
urn:cite:hmt:normalized.402,επι,ἐπὶ,proposed,
urn:cite:hmt:normalized.668,επι,ἐπὶ,proposed,
urn:cite:hmt:normalized.874,επὶ,ἐπὶ,proposed,
urn:cite:hmt:normalized.1111,εχε,ἔχε,proposed,
urn:cite:hmt:normalized.1138,εχε,ἔχε,proposed,
urn:cite:hmt:normalized.109,είν,εἰν,proposed,
urn:cite:hmt:normalized.200,είν,εἰν,proposed,
urn:cite:hmt:normalized.1596,εὸν,ἑόν,proposed,
urn:cite:hmt:normalized.1322,έδει,ἔδει,proposed,
urn:cite:hmt:normalized.1665,έην,ἔην,proposed,
urn:cite:hmt:normalized.160,έθ᾽,ἔτ᾽,proposed,
urn:cite:hmt:normalized.252,έθ᾽,ἔτ᾽,rejected,
urn:cite:hmt:normalized.1675,εθέλωσι,ἐθέλωσι,proposed,
urn:cite:hmt:normalized.1422,έθεν,ἕθεν,proposed,
urn:cite:hmt:normalized.1423,έθους,ἔθους,proposed,
urn:cite:hmt:normalized.1542,ει,εἰ,proposed,
urn:cite:hmt:normalized.1634,ει,εἰ,rejected,
urn:cite:hmt:normalized.1359,εί,εἴ,proposed,
urn:cite:hmt:normalized.1026,εκ,ἐκ,proposed,
urn:cite:hmt:normalized.34,εκ,ἐκ,rejected,
urn:cite:hmt:normalized.600,εκ,ἐκ,rejected,
urn:cite:hmt:normalized.1673,εκείνω,ἐκείνῳ,proposed,
urn:cite:hmt:normalized.1424,έλπει,ἔλπει,proposed,
urn:cite:hmt:normalized.1327,εμ,ἐμ᾽,proposed,
urn:cite:hmt:normalized.1097,εν,ἐν,proposed,
urn:cite:hmt:normalized.358,εν,ἐν,rejected,
urn:cite:hmt:normalized.462,εν,ἐν,rejected,
urn:cite:hmt:normalized.907,εν,ἐν,rejected,
urn:cite:hmt:normalized.1158,εν,ἔν,proposed,
urn:cite:hmt:normalized.1069,ἑν,ἕν,rejected,
urn:cite:hmt:normalized.1497,ένα,ἕνα,proposed,
urn:cite:hmt:normalized.1425,ένιοι,ἔνιοι,proposed,
urn:cite:hmt:normalized.504,εξ᾽,ἐξ,proposed,
urn:cite:hmt:normalized.1159,εξ,ἐξ,rejected,
urn:cite:hmt:normalized.311,ὲξ,ἐξ,rejected,
urn:cite:hmt:normalized.1662,ἑξ,ἕξ,proposed,
urn:cite:hmt:normalized.1193,έξεται,ἔξεται,proposed,
urn:cite:hmt:normalized.119,ἐπ,ἐπί,proposed,
urn:cite:hmt:normalized.211,ἐπ,ἐπί,rejected,
urn:cite:hmt:normalized.1019,ἐπ,ἐπ᾽,proposed,
urn:cite:hmt:normalized.1041,ἐπ,ἐπ᾽,rejected,
urn:cite:hmt:normalized.1042,ἐπ,ἐπ᾽,rejected,
urn:cite:hmt:normalized.535,ἐπ,ἐπ᾽,rejected,
urn:cite:hmt:normalized.1441,έρα,ἔρᾳ,proposed,
urn:cite:hmt:normalized.1404,έρωτα,ἔρωτα,proposed,
urn:cite:hmt:normalized.1204,έργων,ἔργων,proposed,
urn:cite:hmt:normalized.1390,έφηνε,ἔφηνε,proposed,
urn:cite:hmt:normalized.1512,έστιν,ἔστιν,proposed,
urn:cite:hmt:normalized.1183,έχων,ἔχων,proposed,
urn:cite:hmt:normalized.662,εϋ,εὖ,proposed,
urn:cite:hmt:normalized.1351,εὐ,εὖ,proposed,
urn:cite:hmt:normalized.576,εὗ,εὖ,proposed,
urn:cite:hmt:normalized.812,εῦ,εὖ,proposed,
urn:cite:hmt:normalized.649,ἐφ,ἐφ᾽,proposed,
urn:cite:hmt:normalized.415,ἕκθλιψιν,ἔκθλιψιν,proposed,
urn:cite:hmt:normalized.1228,ἑξετε,ἕξετε,proposed,
urn:cite:hmt:normalized.1008,ἑξης,ἑξῆς,proposed,
urn:cite:hmt:normalized.1101,ἑξης,ἑξῆς,proposed,
urn:cite:hmt:normalized.1305,ἑδέξατο,ἐδέξατο,proposed,
urn:cite:hmt:normalized.843,ἑφωρμήσαντες,ἐφορμήσαντες,proposed,
urn:cite:hmt:normalized.377,ἑηνδανε,ἑήνδανε,proposed,
urn:cite:hmt:normalized.759,ἑκαλουν,ἐκάλουν,proposed,
urn:cite:hmt:normalized.1367,ἑκαστας,ἑκάστας,proposed,
urn:cite:hmt:normalized.1192,ἑκαστην,ἑκάστην,proposed,
urn:cite:hmt:normalized.1374,ἑκέκαστο,ἐκέκαστο,proposed,
urn:cite:hmt:normalized.973,ἑλεεινὰ,ἐλεεινά,proposed,
urn:cite:hmt:normalized.105,ἑλεοῖσιν,ἐλεοῖσιν,proposed,
urn:cite:hmt:normalized.197,ἑλεοῖσιν,ἐλεοῖσιν,proposed,
urn:cite:hmt:normalized.1007,ἑνικον,ἑνικόν,proposed,
urn:cite:hmt:normalized.291,ἑνικως,ἑνικῶς,proposed,
urn:cite:hmt:normalized.778,ἑνικως,ἑνικῶς,proposed,
urn:cite:hmt:normalized.1697,έοι,ἔοι,proposed,
urn:cite:hmt:normalized.1290,ἑπαρας,ἐπαράς,proposed,
urn:cite:hmt:normalized.1090,ἑπεσσύμενον,ἐπεσσυμένον,proposed,
urn:cite:hmt:normalized.808,ἑστώτας,ἑστῶτας,proposed,
urn:cite:hmt:normalized.1476,ἑτερα,ἑτέρᾳ,proposed,
urn:cite:hmt:normalized.145,ἔλικας,ἕλικας,proposed,
urn:cite:hmt:normalized.237,ἔλικας,ἕλικας,proposed,
urn:cite:hmt:normalized.138,ἔπ᾽,ἐπί,proposed,
urn:cite:hmt:normalized.230,ἔπ᾽,ἐπί,proposed,
urn:cite:hmt:normalized.182,ἔργ᾽,ἔργα,proposed,
urn:cite:hmt:normalized.90,ἔργ᾽,ἔργα,proposed,
urn:cite:hmt:normalized.974,ἔσο,ἕσο,proposed,
urn:cite:hmt:normalized.378,ἔσσατο,ἕσσατο,proposed,
urn:cite:hmt:normalized.1434,ἐβουλευετο,ἐβουλεύετο,proposed,
urn:cite:hmt:normalized.924,ἐξεβαλε,ἐξέβαλε,proposed,
urn:cite:hmt:normalized.723,ἐξελκὸμενοιο,ἐξελκομένοιο,proposed,
urn:cite:hmt:normalized.1579,ἐξεναριξε,ἐξενάριξε,proposed,
urn:cite:hmt:normalized.545,ἐἔργῃ,ἐέργῃ,proposed,
urn:cite:hmt:normalized.573,ἐγένεντο,ἐγένετο,proposed,
urn:cite:hmt:normalized.1567,ἐγενεσθε,ἐγένεσθε,proposed,
urn:cite:hmt:normalized.1401,ἐγενετο,ἐγένετο,proposed,
urn:cite:hmt:normalized.429,ἐγγεγά̄σι,ἐγγεγάασι,proposed,
urn:cite:hmt:normalized.923,ἐγκειται,ἔγκειται,proposed,
urn:cite:hmt:normalized.1347,ἐγκλητικῶς,ἐγκλιτικῶς,proposed,
urn:cite:hmt:normalized.1656,ἐγω,ἐγώ,proposed,
urn:cite:hmt:normalized.55,ἐκατέροις,ἑκατέροις,proposed,
urn:cite:hmt:normalized.615,ἐκατέροις,ἑκατέροις,proposed,
urn:cite:hmt:normalized.412,ἐκατέρωθεν,ἑκατέρωθεν,proposed,
urn:cite:hmt:normalized.1464,ἐκδεχεται,ἐκδέχεται,proposed,
urn:cite:hmt:normalized.534,ἐκεινος,ἐκεῖνος,proposed,
urn:cite:hmt:normalized.574,ἐκκαίδεκα,ἑκκαίδεκα,proposed,
urn:cite:hmt:normalized.1089,ἐκπέση,ἐκπεσῇ,proposed,
urn:cite:hmt:normalized.56,ἐκθλιψιν,ἔκθλιψιν,proposed,
urn:cite:hmt:normalized.616,ἐκθλιψιν,ἔκθλιψιν,proposed,
urn:cite:hmt:normalized.721,ἐκτάτέον,ἐκτατέον,proposed,
urn:cite:hmt:normalized.1345,ἐκτεινομενου,ἐκτεινομένου,proposed,
urn:cite:hmt:normalized.684,ἐκτομην,ἐκτομήν,proposed,
urn:cite:hmt:normalized.1418,ἐκὼν,ἑκὼν,proposed,
urn:cite:hmt:normalized.806,ἐλασσεν,ἔλασσεν,proposed,
urn:cite:hmt:normalized.57,ἐλεφαντος,ἐλέφαντος,proposed,
urn:cite:hmt:normalized.617,ἐλεφαντος,ἐλέφαντος,proposed,
urn:cite:hmt:normalized.413,ἐναντιον,ἐναντιόν,proposed,
urn:cite:hmt:normalized.1436,ἐνεκλιναν,ἐνέκλιναν,proposed,
urn:cite:hmt:normalized.1341,ἐνεργηται,ἐνεργῆται,proposed,
urn:cite:hmt:normalized.485,ἐνεργητικῳ,ἐνεργητικῷ,proposed,
urn:cite:hmt:normalized.699,ἐνεργουντας,ἐνεργοῦντας,proposed,
urn:cite:hmt:normalized.103,ἐνι,ἐνί,proposed,
urn:cite:hmt:normalized.162,ἐνι,ἐνί,proposed,
urn:cite:hmt:normalized.195,ἐνι,ἐνί,proposed,
urn:cite:hmt:normalized.254,ἐνι,ἐνί,proposed,
urn:cite:hmt:normalized.425,ἐνι,ἐνὶ,proposed,
urn:cite:hmt:normalized.5,ἐνι,ἐνὶ,proposed,
urn:cite:hmt:normalized.64,ἐνι,ἐνὶ,proposed,
urn:cite:hmt:normalized.735,ἐνι,ἐνὶ,proposed,
urn:cite:hmt:normalized.785,ἐνι,ἐνὶ,proposed,
urn:cite:hmt:normalized.813,ἐνι,ἐνὶ,proposed,
urn:cite:hmt:normalized.1616,ἐνιχριμφθεις,ἐνιχριμφθεὶς,proposed,
urn:cite:hmt:normalized.1380,ἐνθα,ἔνθα,proposed,
urn:cite:hmt:normalized.1586,ἐνθαδε,ἐνθάδε,proposed,
urn:cite:hmt:normalized.722,ἐντελες,ἐντελές,proposed,
urn:cite:hmt:normalized.414,ἐπει,ἐπεί,proposed,
urn:cite:hmt:normalized.426,ἐπει,ἐπεὶ,proposed,
urn:cite:hmt:normalized.758,ἐπει,ἐπεὶ,proposed,
urn:cite:hmt:normalized.786,ἐπει,ἐπεὶ,proposed,
urn:cite:hmt:normalized.1515,ἐπεστρατευσαν,ἐπεστράτευσαν,proposed,
urn:cite:hmt:normalized.130,ἐπι,ἐπί,proposed,
urn:cite:hmt:normalized.165,ἐπι,ἐπί,proposed,
urn:cite:hmt:normalized.222,ἐπι,ἐπί,proposed,
urn:cite:hmt:normalized.257,ἐπι,ἐπί,proposed,
urn:cite:hmt:normalized.330,ἐπι,ἐπὶ,proposed,
urn:cite:hmt:normalized.376,ἐπι,ἐπὶ,proposed,
urn:cite:hmt:normalized.403,ἐπι,ἐπὶ,proposed,
urn:cite:hmt:normalized.450,ἐπι,ἐπὶ,proposed,
urn:cite:hmt:normalized.478,ἐπι,ἐπί,proposed,
urn:cite:hmt:normalized.536,ἐπι,ἐπὶ,proposed,
urn:cite:hmt:normalized.575,ἐπι,ἐπὶ,proposed,
urn:cite:hmt:normalized.58,ἐπι,ἐπί,proposed,
urn:cite:hmt:normalized.618,ἐπι,ἐπί,proposed,
urn:cite:hmt:normalized.89,ἐπι,ἐπί,proposed,
urn:cite:hmt:normalized.807,ἐπιβη,ἐπιβῇ,proposed,
urn:cite:hmt:normalized.887,ἐπιμενειν,ἐπιμενεῖν,proposed,
urn:cite:hmt:normalized.1528,ἐπιθετον,ἐπίθετον,proposed,
urn:cite:hmt:normalized.1179,ἐπιῥρήματι,ἐπιρρήματι,proposed,
urn:cite:hmt:normalized.1419,ἐπιρρηματα,ἐπιρρήματα,proposed,
urn:cite:hmt:normalized.1475,ἐπίρῥήματος,ἐπιρρήματος,proposed,
urn:cite:hmt:normalized.1580,ἐρεισθη,ἐρείσθη,proposed,
urn:cite:hmt:normalized.972,ἐρευγομενη,ἐρευγομένη,proposed,
urn:cite:hmt:normalized.1165,ἐσημαινεν,ἐσήμαινεν,proposed,
urn:cite:hmt:normalized.1124,ἐσθ,ἐσθ᾽,proposed,
urn:cite:hmt:normalized.1152,ἐσθ,ἐσθ᾽,proposed,
urn:cite:hmt:normalized.388,ἐσθ,ἐσθ᾽,proposed,
urn:cite:hmt:normalized.1657,ἐτι,ἔτι,proposed,
urn:cite:hmt:normalized.490,ἐΰξοων,ἐΰξοον,proposed,
urn:cite:hmt:normalized.1624,ἐϋφρονεων,ἐϋφρονέων,proposed,
urn:cite:hmt:normalized.1641,ἐϋκνημιδες,ἐϋκνήμιδες,proposed,
urn:cite:hmt:normalized.724,ἐχομεν,ἔχομεν,proposed,
urn:cite:hmt:normalized.137,ἒπ᾽,ἐπί,proposed,
urn:cite:hmt:normalized.229,ἒπ᾽,ἐπί,proposed,
urn:cite:hmt:normalized.1617,έαξε,ἔαξε,proposed,
urn:cite:hmt:normalized.1538,έασι,ἔασι,proposed,
urn:cite:hmt:normalized.1587,έασιν,ἔασιν,proposed,
urn:cite:hmt:normalized.169,έαται,ἕαται,proposed,
urn:cite:hmt:normalized.261,έαται,ἕαται,proposed,
urn:cite:hmt:normalized.19,έβαλον,ἔβαλον,proposed,
urn:cite:hmt:normalized.587,έβαλον,ἔβαλον,proposed,
urn:cite:hmt:normalized.338,έδαφος,ἔδαφος,proposed,
urn:cite:hmt:normalized.857,έδμεναι,ἔδμεναι,proposed,
urn:cite:hmt:normalized.736,έδονται,ἔδονται,proposed,
urn:cite:hmt:normalized.1703,εδριάασθαι,ἑδριάασθαι,proposed,
urn:cite:hmt:normalized.380,έδωκεν,ἔδωκεν,proposed,
urn:cite:hmt:normalized.188,έειπεν,ἔειπεν,proposed,
urn:cite:hmt:normalized.96,έειπεν,ἔειπεν,proposed,
urn:cite:hmt:normalized.1603,έφαν,ἔφαν,proposed,
urn:cite:hmt:normalized.1547,έφαθ᾽,ἔφαθ᾽,proposed,
urn:cite:hmt:normalized.1602,έφαθ᾽,ἔφαθ᾽,proposed,
urn:cite:hmt:normalized.458,έφατ᾽,ἔφατ᾽,proposed,
urn:cite:hmt:normalized.1612,έγχος,ἔγχος,proposed,
urn:cite:hmt:normalized.852,έκταν,ἔκταν,proposed,
urn:cite:hmt:normalized.851,έκταθεν,ἔκταθεν,proposed,
urn:cite:hmt:normalized.1328,έκτοθι,ἔκτοθι,proposed,
urn:cite:hmt:normalized.381,έκτοσθεν,ἔκτοσθεν,proposed,
urn:cite:hmt:normalized.294,έλαβεν,ἔλαβεν,proposed,
urn:cite:hmt:normalized.781,έλαβεν,ἔλαβεν,proposed,
urn:cite:hmt:normalized.578,έλαθεν,ἔλαθεν,proposed,
urn:cite:hmt:normalized.1568,έλῃ,ἕλῃ,proposed,
urn:cite:hmt:normalized.1071,έλλος,ἐλλός,proposed,
urn:cite:hmt:normalized.651,έμελλε,ἔμελλε,proposed,
urn:cite:hmt:normalized.71,έμεναι,ἔμεναι,proposed,
urn:cite:hmt:normalized.1529,ένια,ἔνια,proposed,
urn:cite:hmt:normalized.1651,ένια,ἔνια,proposed,
urn:cite:hmt:normalized.100,έντυνον,ἔντυνον,proposed,
urn:cite:hmt:normalized.192,έντυνον,ἔντυνον,proposed,
urn:cite:hmt:normalized.20,έπεσε,ἔπεσε,proposed,
urn:cite:hmt:normalized.588,έπεσε,ἔπεσε,proposed,
urn:cite:hmt:normalized.976,έπρεπεν,ἔπρεπεν,proposed,
urn:cite:hmt:normalized.538,έθαπτον,ἔθαπτον,proposed,
urn:cite:hmt:normalized.484,έθορ᾽,ἔθορ᾽,proposed,
urn:cite:hmt:normalized.428,έρξον,ἔρξον,proposed,
urn:cite:hmt:normalized.156,έρδεσκεν,ἔρδεσκεν,proposed,
urn:cite:hmt:normalized.248,έρδεσκεν,ἔρδεσκεν,proposed,
urn:cite:hmt:normalized.164,έργα,ἔργα,proposed,
urn:cite:hmt:normalized.256,έργα,ἔργα,proposed,
urn:cite:hmt:normalized.128,έρκος,ἕρκος,proposed,
urn:cite:hmt:normalized.21,έρκος,ἕρκος,proposed,
urn:cite:hmt:normalized.220,έρκος,ἕρκος,proposed,
urn:cite:hmt:normalized.589,έρκος,ἕρκος,proposed,
urn:cite:hmt:normalized.579,έρμ᾽,ἕρμ᾽,proposed,
urn:cite:hmt:normalized.1021,έσπετο,ἕσπετο,proposed,
urn:cite:hmt:normalized.814,έστασαν,ἕστασαν,proposed,
urn:cite:hmt:normalized.858,έστασαν,ἕστασαν,proposed,
urn:cite:hmt:normalized.737,έστητε,ἔστητε,proposed,
urn:cite:hmt:normalized.280,έστηχ᾽,ἕστηχ᾽,proposed,
urn:cite:hmt:normalized.767,έστηχ᾽,ἕστηχ᾽,proposed,
urn:cite:hmt:normalized.284,έστιν,ἔστιν,proposed,
urn:cite:hmt:normalized.771,έστιν,ἔστιν,proposed,
urn:cite:hmt:normalized.1092,έτ᾽,ἔτ᾽,proposed,
urn:cite:hmt:normalized.125,έτ᾽,ἔτ᾽,proposed,
urn:cite:hmt:normalized.177,έτ᾽,ἔτ᾽,proposed,
urn:cite:hmt:normalized.217,έτ᾽,ἔτ᾽,proposed,
urn:cite:hmt:normalized.269,έτ᾽,ἔτ᾽,proposed,
urn:cite:hmt:normalized.382,έτεροις,ἑτέροις,proposed,
urn:cite:hmt:normalized.1013,έτερον,ἕτερον,proposed,
urn:cite:hmt:normalized.1091,έτι,ἔτι,proposed,
urn:cite:hmt:normalized.86,έτι,ἔτι,proposed,
urn:cite:hmt:normalized.1229,έτισε,ἔτισε,proposed,
urn:cite:hmt:normalized.652,έχει,ἔχει,proposed,
urn:cite:hmt:normalized.728,έχομεν,ἔχομεν,proposed,
urn:cite:hmt:normalized.727,έζετο,ἕζετο,proposed,
urn:cite:hmt:normalized.1570,εαυτοῦ,ἑαυτοῦ,proposed,
urn:cite:hmt:normalized.821,εαυτὸ,ἑαυτό,proposed,
urn:cite:hmt:normalized.933,εαυτὸ,ἑαυτό,proposed,
urn:cite:hmt:normalized.501,εαυτὸν,ἑαυτὸν,proposed,
urn:cite:hmt:normalized.1592,εαυτῷ,ἑαυτῷ,proposed,
urn:cite:hmt:normalized.433,εβιάσθη,ἐβιάσθη,proposed,
urn:cite:hmt:normalized.1408,εβοήθει,ἐβοήθει,proposed,
urn:cite:hmt:normalized.1212,εξακισχιλίων,ἑξακισχιλίων,proposed,
urn:cite:hmt:normalized.793,εξελαῦνειν,ἐξελαύνειν,proposed,
urn:cite:hmt:normalized.873,εξήκοντα,ἑξήκοντα,proposed,
urn:cite:hmt:normalized.1170,εξῆς,ἑξῆς,proposed,
urn:cite:hmt:normalized.505,εξῆς,ἑξῆς,proposed,
urn:cite:hmt:normalized.556,εξῆς,ἑξῆς,proposed,
urn:cite:hmt:normalized.343,εξην,ἐξῆν,proposed,
urn:cite:hmt:normalized.1594,εξηροῦντο,ἐξῃροῦντο,proposed,
urn:cite:hmt:normalized.958,εξης,ἑξῆς,proposed,
urn:cite:hmt:normalized.1213,εξοθεν,ἐξόθεν,proposed,
urn:cite:hmt:normalized.906,εδίδου,ἐδίδου,proposed,
urn:cite:hmt:normalized.1234,εδνα,ἕδνα,proposed,
urn:cite:hmt:normalized.1025,εδνοπάλιζεν,ἐδνοπάλιζεν,proposed,
urn:cite:hmt:normalized.1438,εδόκουν,ἐδόκουν,proposed,
urn:cite:hmt:normalized.171,εείσω,ἐείσαο,proposed,
urn:cite:hmt:normalized.263,εείσω,ἐείσαο,proposed,
urn:cite:hmt:normalized.1188,εφες,ἔφες,proposed,
urn:cite:hmt:normalized.324,εφύλαξαν,ἐφύλαξαν,proposed,
urn:cite:hmt:normalized.1160,εφέροντο,ἐφέροντο,proposed,
urn:cite:hmt:normalized.323,εγκλισιν,ἔγκλισιν,proposed,
urn:cite:hmt:normalized.88,εἰδυίᾱς,ἰδυίας,proposed,
urn:cite:hmt:normalized.406,εἰναι,εἶναι,proposed,
urn:cite:hmt:normalized.435,εἰναι,εἶναι,proposed,
urn:cite:hmt:normalized.180,εἰπ`᾽,εἴπ᾽,proposed,
urn:cite:hmt:normalized.273,εἰπ`᾽,εἴπ᾽,proposed,
urn:cite:hmt:normalized.507,εἰθ,εἶθ᾽,proposed,
urn:cite:hmt:normalized.987,εἰρηκεν,εἴρηκεν,proposed,
urn:cite:hmt:normalized.1252,εἰρημενον,εἰρημένον,proposed,
urn:cite:hmt:normalized.1112,εἰωθασι,εἰώθασι,proposed,
urn:cite:hmt:normalized.1139,εἰωθασι,εἰώθασι,proposed,
urn:cite:hmt:normalized.1609,εΐσην,ἐΐσην,proposed,
urn:cite:hmt:normalized.731,είκελος,εἴκελος,proposed,
urn:cite:hmt:normalized.1038,είκετε,εἴκετε,proposed,
urn:cite:hmt:normalized.25,είσατο,εἴσατο,proposed,
urn:cite:hmt:normalized.592,είσατο,εἴσατο,proposed,
urn:cite:hmt:normalized.436,εῖξεν,εἶξεν,proposed,
urn:cite:hmt:normalized.1519,εῖδος,εἶδος,proposed,
urn:cite:hmt:normalized.1628,εῖλαρ,εἶλαρ,proposed,
urn:cite:hmt:normalized.1652,εῖλαρ,εἶλαρ,proposed,
urn:cite:hmt:normalized.1520,εῖλεν,εἷλεν,proposed,
urn:cite:hmt:normalized.1189,εῖναι,εἶναι,proposed,
urn:cite:hmt:normalized.362,εῖναι,εἶναι,proposed,
urn:cite:hmt:normalized.407,εῖναι,εἶναι,proposed,
urn:cite:hmt:normalized.960,εῖναι,εἶναι,proposed,
urn:cite:hmt:normalized.1482,εῖπε,εἶπε,proposed,
urn:cite:hmt:normalized.558,εῖτα,εἶτα,proposed,
urn:cite:hmt:normalized.283,εῖχεν,εἶχεν,proposed,
urn:cite:hmt:normalized.770,εῖχεν,εἶχεν,proposed,
urn:cite:hmt:normalized.325,εῖχον,εἶχον,proposed,
urn:cite:hmt:normalized.1169,ειδοι,ἴ̈δοι,proposed,
urn:cite:hmt:normalized.1638,ειλοντο,εἵλοντο,proposed,
urn:cite:hmt:normalized.1480,ειρηνικῶς,εἰρηνικῶς,proposed,
urn:cite:hmt:normalized.1361,εκάτην,ἑκάτην,proposed,
urn:cite:hmt:normalized.1360,εκαστον,ἕκαστον,proposed,
urn:cite:hmt:normalized.553,εκατέρου,ἑκατέρου,proposed,
urn:cite:hmt:normalized.1110,εκατέρων,ἑκατέρων,proposed,
urn:cite:hmt:normalized.1137,εκατέρων,ἑκατέρων,proposed,
urn:cite:hmt:normalized.1109,εκατέρου,ἑκατέρου,proposed,
urn:cite:hmt:normalized.1136,εκατέρου,ἑκατέρου,proposed,
urn:cite:hmt:normalized.1052,εκείνου,ἐκείνου,proposed,
urn:cite:hmt:normalized.503,εκείνου,ἐκείνου,proposed,
urn:cite:hmt:normalized.1053,εκεῖ,ἐκεῖ,proposed,
urn:cite:hmt:normalized.634,εκεῖνος,ἐκεῖνος,proposed,
urn:cite:hmt:normalized.1054,εκεῖσε,ἐκεῖσε,proposed,
urn:cite:hmt:normalized.1331,εκείνοις,ἐκείνοις,proposed,
urn:cite:hmt:normalized.172,εκείνων,ἐκείνων,proposed,
urn:cite:hmt:normalized.264,εκείνων,ἐκείνων,proposed,
urn:cite:hmt:normalized.554,εκκαιδεκάδωρα,ἑκκαιδεκάδωρα,proposed,
urn:cite:hmt:normalized.148,εκπροθέει,ἐκπροθέει,proposed,
urn:cite:hmt:normalized.240,εκπροθέει,ἐκπροθέει,proposed,
urn:cite:hmt:normalized.823,εκτην,ἕκτην,proposed,
urn:cite:hmt:normalized.1211,εκτὸς,ἑκτὸς,proposed,
urn:cite:hmt:normalized.434,εκὼν,ἑκὼν,proposed,
urn:cite:hmt:normalized.1498,εκάη,ἐκάη,proposed,
urn:cite:hmt:normalized.1426,εκάλει,ἐκάλει,proposed,
urn:cite:hmt:normalized.1012,ελάσσονος,ἐλάσσονος,proposed,
urn:cite:hmt:normalized.1303,ελείων,ἑλείων,proposed,
urn:cite:hmt:normalized.935,ελλειπει,ἐλλείπει,proposed,
urn:cite:hmt:normalized.1447,ελλείπει,ἐλλείπει,proposed,
urn:cite:hmt:normalized.1427,ελπίζειν,ἐλπίζειν,proposed,
urn:cite:hmt:normalized.742,ελθέμεν,ἐλθέμεν,proposed,
urn:cite:hmt:normalized.1593,ελών,ἑλών,proposed,
urn:cite:hmt:normalized.1446,ελέσθαι,ἑλέσθαι,proposed,
urn:cite:hmt:normalized.1263,εμφαίνει,ἐμφαίνει,proposed,
urn:cite:hmt:normalized.871,εμῆς,ἐμῆς,proposed,
urn:cite:hmt:normalized.1198,εμην,ἐμήν,proposed,
urn:cite:hmt:normalized.1333,εμὴν,ἐμήν,proposed,
urn:cite:hmt:normalized.134,εμός,ἐμός,proposed,
urn:cite:hmt:normalized.226,εμός,ἐμός,proposed,
urn:cite:hmt:normalized.1281,εμοισιν,ἐμοῖσιν,proposed,
urn:cite:hmt:normalized.870,εμου,ἐμοῦ,proposed,
urn:cite:hmt:normalized.824,εμοῦ,ἐμοῦ,proposed,
urn:cite:hmt:normalized.1551,εμὸν,ἐμὸν,proposed,
urn:cite:hmt:normalized.1282,εμὸς,ἐμὸς,proposed,
urn:cite:hmt:normalized.1552,εναλίων,ἐναλίων,proposed,
urn:cite:hmt:normalized.359,εναντίου,ἐναντίου,proposed,
urn:cite:hmt:normalized.698,εναντιότητα,ἐναντιότητα,proposed,
urn:cite:hmt:normalized.872,ενήλακται,ἐνήλλακται,proposed,
urn:cite:hmt:normalized.1693,ἐνθά,ἔνθά,proposed,
urn:cite:hmt:normalized.360,ενῖα,ἔνια,proposed,
urn:cite:hmt:normalized.983,ενικον,ἑνικόν,proposed,
urn:cite:hmt:normalized.1235,ενιοι,ἔνιοι,proposed,
urn:cite:hmt:normalized.908,ενόμιζον,ἐνόμιζον,proposed,
urn:cite:hmt:normalized.1055,ενοικοῦντας,ἐνοικοῦντας,proposed,
urn:cite:hmt:normalized.1185,ενος,ἑνός,proposed,
urn:cite:hmt:normalized.1409,ενόησεν,ἐνόησεν,proposed,
urn:cite:hmt:normalized.1375,ενίους,ἐνίους,proposed,
urn:cite:hmt:normalized.1264,ενάρων,ἐνάρων,proposed,
urn:cite:hmt:normalized.984,εοικως,ἐοικώς,proposed,
urn:cite:hmt:normalized.1510,επαγωνίζεται,ἐπαγωνίζεται,proposed,
urn:cite:hmt:normalized.1283,επαῖνων,ἐπαίνων,proposed,
urn:cite:hmt:normalized.985,επαναληψεως,ἐπαναλήψεως,proposed,
urn:cite:hmt:normalized.1299,επαναλήψεως,ἐπαναλήψεως,proposed,
urn:cite:hmt:normalized.1236,επαίνου,ἐπαίνου,proposed,
urn:cite:hmt:normalized.825,επέκτασιν,ἐπέκτασιν,proposed,
urn:cite:hmt:normalized.826,επεξεργάζεται,ἐπεξεργάζεταί,proposed,
urn:cite:hmt:normalized.1214,επεὶ,ἐπεὶ,proposed,
urn:cite:hmt:normalized.909,επελθόντες,ἐπελθόντες,proposed,
urn:cite:hmt:normalized.557,επερείσας,ἐπερείσας,proposed,
urn:cite:hmt:normalized.1457,επείσθη,ἐπείσθη,proposed,
urn:cite:hmt:normalized.1639,επήκοον,ἐπήκοον,proposed,
urn:cite:hmt:normalized.1501,επιδευεῖς,ἐπιδευεῖς,proposed,
urn:cite:hmt:normalized.1500,επιδευής,ἐπιδευής,proposed,
urn:cite:hmt:normalized.1429,επιφοιτῶν,ἐπιφοιτῶν,proposed,
urn:cite:hmt:normalized.506,επικούρων,ἐπικούρων,proposed,
urn:cite:hmt:normalized.1543,επιπολῆς,ἐπιπολῆς,proposed,
urn:cite:hmt:normalized.1248,επισπευδων,ἐπισπεύδων,proposed,
urn:cite:hmt:normalized.1382,εποικος,ἔποικος,proposed,
urn:cite:hmt:normalized.1439,επρέσβευσαν,ἐπρέσβευσαν,proposed,
urn:cite:hmt:normalized.1215,επτὰ,ἑπτὰ,proposed,
urn:cite:hmt:normalized.1410,επέλοντο,ἐπέλοντο,proposed,
urn:cite:hmt:normalized.1172,επέθηκας,ἐπέθηκας,proposed,
urn:cite:hmt:normalized.1499,επάσαντο,ἐπάσαντο,proposed,
urn:cite:hmt:normalized.117,εθέλεσκε,ἐθέλεσκε,proposed,
urn:cite:hmt:normalized.209,εθέλεσκε,ἐθέλεσκε,proposed,
urn:cite:hmt:normalized.139,εθέλεσκες,ἐθέλεσκες,proposed,
urn:cite:hmt:normalized.231,εθέλεσκες,ἐθέλεσκες,proposed,
urn:cite:hmt:normalized.502,εθέλῃσιν,ἐθέλῃσιν,proposed,
urn:cite:hmt:normalized.792,εθέλων,ἐθέλων,proposed,
urn:cite:hmt:normalized.1343,εθίμως,ἐθίμως,proposed,
urn:cite:hmt:normalized.934,εθνικου,ἐθνικοῦ,proposed,
urn:cite:hmt:normalized.1448,εραννῆς,ἐραννῆς,proposed,
urn:cite:hmt:normalized.743,ερέει,ἐρέει,proposed,
urn:cite:hmt:normalized.669,εριώδης,ἐριώδης,proposed,
urn:cite:hmt:normalized.140,ερκίον,ἑρκίον,proposed,
urn:cite:hmt:normalized.232,ερκίον,ἑρκίον,proposed,
urn:cite:hmt:normalized.959,ερχομενον,ἐρχόμενον,proposed,
urn:cite:hmt:normalized.1449,ερχομένου,ἐρχομένου,proposed,
urn:cite:hmt:normalized.1298,ερχόμενον,ἐρχόμενον,proposed,
urn:cite:hmt:normalized.986,εσθλον,ἐσθλόν,proposed,
urn:cite:hmt:normalized.910,εστήκει,ἑστήκει,proposed,
urn:cite:hmt:normalized.635,εσωσεν,ἔσωσεν,proposed,
urn:cite:hmt:normalized.625,ετέλεσσεν,ἐτέλεσσεν,proposed,
urn:cite:hmt:normalized.1595,ετέραν,ἑτέραν,proposed,
urn:cite:hmt:normalized.1635,ετεον,ἐτεόν,proposed,
urn:cite:hmt:normalized.282,ετερα,ἕτερα,proposed,
urn:cite:hmt:normalized.769,ετερα,ἕτερα,proposed,
urn:cite:hmt:normalized.1056,ετικτε,ἔτικτε,proposed,
urn:cite:hmt:normalized.1085,ετρωσε,ἔτρωσε,proposed,
urn:cite:hmt:normalized.1481,ετέρας,ἑτέρας,proposed,
urn:cite:hmt:normalized.1237,ετέρῳ,ἑτέρῳ,proposed,
urn:cite:hmt:normalized.141,εὐόμενοι,εὑόμενοι,proposed,
urn:cite:hmt:normalized.233,εὐόμενοι,εὑόμενοι,proposed,
urn:cite:hmt:normalized.1339,εὐπαραδεκτον,εὐπαράδεκτον,proposed,
urn:cite:hmt:normalized.636,εὐρεια,εὐρεῖα,proposed,
urn:cite:hmt:normalized.1574,ευκτικοῖς,εὐκτικοῖς,proposed,
urn:cite:hmt:normalized.404,ευθεία,εὐθεία,proposed,
urn:cite:hmt:normalized.827,ευθεῖα,εὐθεῖα,proposed,
urn:cite:hmt:normalized.1383,ευθείας,εὐθείας,proposed,
urn:cite:hmt:normalized.1187,ευωχίαν,εὐωχίαν,proposed,
urn:cite:hmt:normalized.405,ευχρηστον,εὔχρηστον,proposed,
urn:cite:hmt:normalized.1216,εχειν,ἔχειν,proposed,
urn:cite:hmt:normalized.1518,εχην,ἔχην,proposed,
urn:cite:hmt:normalized.1217,εχοῦσα,ἐχούσα,proposed,
urn:cite:hmt:normalized.1411,εχρῆν,ἐχρῆν,proposed,
urn:cite:hmt:normalized.312,ὲξελθεῖν,ἐξελθεῖν,proposed,
urn:cite:hmt:normalized.1392,εύπιστοι,εὔπιστοι,proposed,
urn:cite:hmt:normalized.1514,ζαφελος,ζάφελος,proposed,
urn:cite:hmt:normalized.637,ζωφόδους,ζοφώδους,proposed,
urn:cite:hmt:normalized.35,ζωστηρ,ζωστήρ,proposed,
urn:cite:hmt:normalized.894,ἥπια,ἤπια,proposed,
urn:cite:hmt:normalized.1202,ἥτο,ἤτοι,proposed,
urn:cite:hmt:normalized.131,ἧδέ,ἥδε,proposed,
urn:cite:hmt:normalized.223,ἧδέ,ἥδε,proposed,
urn:cite:hmt:normalized.977,ᾗσο,ἧσο,proposed,
urn:cite:hmt:normalized.1581,ἡβῶμ,ἡβῷμ᾽,proposed,
urn:cite:hmt:normalized.3,ἡλιου,ἡλίου,proposed,
urn:cite:hmt:normalized.1537,ἡμείβετ᾽,ἠμείβετ᾽,proposed,
urn:cite:hmt:normalized.760,ἡμεις,ἡμεῖς,proposed,
urn:cite:hmt:normalized.1180,ἡμεν,ἦμεν,proposed,
urn:cite:hmt:normalized.1166,ἡθέτει,ἠθέτει,rejected,
urn:cite:hmt:normalized.1658,ἡρῳ,ἥρῳ,proposed,
urn:cite:hmt:normalized.925,ἤτει,ᾔτει,proposed,
urn:cite:hmt:normalized.69,ἠδ᾽`,ἠδ᾽,proposed,
urn:cite:hmt:normalized.1642,ἠγαγετο,ἠγάγετο,proposed,
urn:cite:hmt:normalized.1201,ἠγεν,ἦγεν,proposed,
urn:cite:hmt:normalized.79,ἢδ᾽,ἠδ᾽,proposed,
urn:cite:hmt:normalized.170,ήμισυ,ἥμισυ,proposed,
urn:cite:hmt:normalized.262,ήμισυ,ἥμισυ,proposed,
urn:cite:hmt:normalized.810,ήθους,ἤθους,proposed,
urn:cite:hmt:normalized.1194,ήτοι,ἤτοι,proposed,
urn:cite:hmt:normalized.891,ήτοι,ἤτοι,proposed,
urn:cite:hmt:normalized.392,ῄρει,ᾕρει,proposed,
urn:cite:hmt:normalized.102,ῆεν,ἦεν,proposed,
urn:cite:hmt:normalized.194,ῆεν,ἦεν,proposed,
urn:cite:hmt:normalized.895,ῆεν,ἦεν,proposed,
urn:cite:hmt:normalized.930,ῆεν,ἦεν,proposed,
urn:cite:hmt:normalized.981,ῆεν,ἦεν,proposed,
urn:cite:hmt:normalized.1633,ῆκον,ἧκον,proposed,
urn:cite:hmt:normalized.654,ῆμαρ,ἦμαρ,proposed,
urn:cite:hmt:normalized.1509,ῆμεν,ἦμεν,proposed,
urn:cite:hmt:normalized.456,ῆθος,ἦθος,proposed,
urn:cite:hmt:normalized.126,ῆρι,ἦρι,proposed,
urn:cite:hmt:normalized.218,ῆρι,ἦρι,proposed,
urn:cite:hmt:normalized.1358,ῆσαν,ἦσαν,proposed,
urn:cite:hmt:normalized.6,ῆτορ,ἦτορ,proposed,
urn:cite:hmt:normalized.65,ῆτορ,ἦτορ,proposed,
urn:cite:hmt:normalized.1016,ῆχος,ἦχος,proposed,
urn:cite:hmt:normalized.1483,ηλικίας,ἡλικίας,proposed,
urn:cite:hmt:normalized.112,ημαθόεντος,ἠμαθόεντος,proposed,
urn:cite:hmt:normalized.203,ημαθόεντος,ἠμαθόεντος,proposed,
urn:cite:hmt:normalized.1027,ημένη,ἡμένη,proposed,
urn:cite:hmt:normalized.1190,ημεν,ἦμεν,proposed,
urn:cite:hmt:normalized.783,ημύσειε,ἠμύσειε,proposed,
urn:cite:hmt:normalized.1521,ηρωΐνης,ἡρωίνης,proposed,
urn:cite:hmt:normalized.1629,ηύδα,ηὔδα,proposed,
urn:cite:hmt:normalized.166,Η̃,Ἦ,proposed,
urn:cite:hmt:normalized.258,Η̃,Ἦ,rejected,
urn:cite:hmt:normalized.700,ην,ἦν,proposed,
urn:cite:hmt:normalized.1182,ὴ,ἤ,proposed,
urn:cite:hmt:normalized.391,ή,ἤ,proposed,
urn:cite:hmt:normalized.1494,ῃ,ᾖ,proposed,
urn:cite:hmt:normalized.101,ῆ,ἦ,proposed,
urn:cite:hmt:normalized.193,ῆ,ἦ,rejected,
urn:cite:hmt:normalized.427,ῆ,ἦ,rejected,
urn:cite:hmt:normalized.491,ῆ,ἦ,rejected,
urn:cite:hmt:normalized.541,ῆ,ἦ,rejected,
urn:cite:hmt:normalized.580,ῆ,ἦ,rejected,
urn:cite:hmt:normalized.660,ῆ,ἦ,rejected,
urn:cite:hmt:normalized.73,ῆ,ἦ,rejected,
urn:cite:hmt:normalized.787,ῆ,ἦ,rejected,
urn:cite:hmt:normalized.956,ῆ,ἦ,rejected,
urn:cite:hmt:normalized.318,η,ἡ,proposed,
urn:cite:hmt:normalized.416,ἠ,ἢ,proposed,
urn:cite:hmt:normalized.479,ἠ,ἢ,rejected,
urn:cite:hmt:normalized.1477,ἠ,ἤ,rejected,
urn:cite:hmt:normalized.451,ἠ,ἤ,rejected,
urn:cite:hmt:normalized.59,ἠ,ἤ,proposed,
urn:cite:hmt:normalized.619,ἠ,ἤ,rejected,
urn:cite:hmt:normalized.663,ἠ,ἤ,rejected,
urn:cite:hmt:normalized.167,ἠ,ἦ,proposed,
urn:cite:hmt:normalized.259,ἠ,ἦ,rejected,
urn:cite:hmt:normalized.659,ἠδ`᾽,ἠδ᾽,proposed,
urn:cite:hmt:normalized.689,ἠδ`᾽,ἠδ᾽,proposed,
urn:cite:hmt:normalized.664,ἠδ`᾽᾽,ἠδ᾽,proposed,
urn:cite:hmt:normalized.1307,ήδη,ἤδη,proposed,
urn:cite:hmt:normalized.1230,ἠε,ἠέ,proposed,
urn:cite:hmt:normalized.308,ἢὲ,ἠὲ,proposed,
urn:cite:hmt:normalized.1259,ήκοντα,ἥκοντα,proposed,
urn:cite:hmt:normalized.1272,ήκουσεν,ἤκουσεν,proposed,
urn:cite:hmt:normalized.354,ὴν,ἢν,proposed,
urn:cite:hmt:normalized.1371,ήπειρον,ἤπειρον,proposed,
urn:cite:hmt:normalized.1699,ήπια,ἤπια,proposed,
urn:cite:hmt:normalized.1205,ήρας,ἤρας,proposed,
urn:cite:hmt:normalized.1472,ήρμοζεν,ἥρμοζεν,proposed,
urn:cite:hmt:normalized.1442,ήρωες,ἥρωες,proposed,
urn:cite:hmt:normalized.1553,θαλασσης,θαλάσσης,proposed,
urn:cite:hmt:normalized.1450,θαλασσιοις,θαλασσίοις,proposed,
urn:cite:hmt:normalized.1571,θανασιμον,θανάσιμον,proposed,
urn:cite:hmt:normalized.911,θεάσαμενος,θεασάμενος,proposed,
urn:cite:hmt:normalized.1271,θειον,θεῖον,proposed,
urn:cite:hmt:normalized.1218,θεμις,θέμις,proposed,
urn:cite:hmt:normalized.1352,θεους,θεούς,proposed,
urn:cite:hmt:normalized.36,θετικον,θετικόν,proposed,
urn:cite:hmt:normalized.638,θηλυκως,θηλυκῶς,proposed,
urn:cite:hmt:normalized.961,θηλυκως,θηλυκῶς,proposed,
urn:cite:hmt:normalized.732,θουριδος,θούριδος,proposed,
urn:cite:hmt:normalized.1028,θρεπτρα,θρέπτρα,proposed,
urn:cite:hmt:normalized.1674,θυμον,θυμὸν,proposed,
urn:cite:hmt:normalized.75,Ïάλμενον,Ἰάλμενον,propose,
urn:cite:hmt:normalized.108,ΐζεν,ἷζεν,proposed,
urn:cite:hmt:normalized.199,ΐζεν,ἷζεν,proposed,
urn:cite:hmt:normalized.66,ΐζον,ἵζον,proposed,
urn:cite:hmt:normalized.74,ΐκεο,ἵκεο,proposed,
urn:cite:hmt:normalized.295,ΐκωμαι,ἵκωμαι,proposed,
urn:cite:hmt:normalized.1389,ΐλαοι,ἵλαοι,proposed,
urn:cite:hmt:normalized.1369,ΐτην,ἴτην,proposed,
urn:cite:hmt:normalized.1125,Ἱλίαδος,Ἰλιάδος,proposed,
urn:cite:hmt:normalized.1153,Ἱλίαδος,Ἰλιάδος,proposed,
urn:cite:hmt:normalized.183,Ϊρήν,Ἱρήν,proposed,
urn:cite:hmt:normalized.91,Ϊρήν,Ἱρήν,proposed,
urn:cite:hmt:normalized.420,Ί̈λιος,Ἴλιος,proposed,
urn:cite:hmt:normalized.115,ϊῇ,ἰῇ,proposed,
urn:cite:hmt:normalized.207,ϊῇ,ἰῇ,proposed,
urn:cite:hmt:normalized.701,ιδέ,ἰδέ,proposed,
urn:cite:hmt:normalized.1293,ἱ̈κέλη,ἰκέλη,proposed,
urn:cite:hmt:normalized.1181,ἱ̈κεο,ἵκεο,proposed,
urn:cite:hmt:normalized.846,ἵστεον,ἰστέον,proposed,
urn:cite:hmt:normalized.417,ἱδρωθ᾽,ἱδρῶθ᾽,proposed,
urn:cite:hmt:normalized.292,ἱδών,ἰδών,proposed,
urn:cite:hmt:normalized.779,ἱδών,ἰδών,proposed,
urn:cite:hmt:normalized.950,ἱερον,ἱερόν,proposed,
urn:cite:hmt:normalized.1688,ῒς,ἲς,proposed,
urn:cite:hmt:normalized.480,ἱσοσυλλάβως,ἰσοσυλλάβως,proposed,
urn:cite:hmt:normalized.1102,ἱστέον,ἰστέον,proposed,
urn:cite:hmt:normalized.319,ἱστέον,ἰστέον,proposed,
urn:cite:hmt:normalized.845,ἱστέον,ἰστέον,proposed,
urn:cite:hmt:normalized.844,ἱστεόν,ἰστέον,proposed,
urn:cite:hmt:normalized.926,ἱστεόν,ἰστέον,proposed,
urn:cite:hmt:normalized.24,ἰ̈δὲ,ἰδὲ,proposed,
urn:cite:hmt:normalized.577,ἴσοσταθμούμενα,ἰσοσταθμούμενα,proposed,
urn:cite:hmt:normalized.809,ἰδιου,ἰδίου,proposed,
urn:cite:hmt:normalized.546,ΐαχεν,ἴαχεν,proposed,
urn:cite:hmt:normalized.623,ΐδεν,ἰδέν,proposed,
urn:cite:hmt:normalized.63,ΐδεν,ἰδέν,proposed,
urn:cite:hmt:normalized.1589,ΐκανε,ἵκανε,proposed,
urn:cite:hmt:normalized.982,ΐκοντο,ἵκοντο,proposed,
urn:cite:hmt:normalized.542,ΐθυνεν,ἴθυνεν,proposed,
urn:cite:hmt:normalized.1649,ΐστω,ἵστω,proposed,
urn:cite:hmt:normalized.1300,ΐτυν,ἴτυν,proposed,
urn:cite:hmt:normalized.1546,ΐτω,ἴτω,proposed,
urn:cite:hmt:normalized.1573,ΐζευ,ἵζευ,proposed,
urn:cite:hmt:normalized.1618,ῗν᾽,ἶν᾽,proposed,
urn:cite:hmt:normalized.526,ϊατρικῆς,ἰατρικῆς,proposed,
urn:cite:hmt:normalized.716,ϊατρικῆς,ἰατρικῆς,proposed,
urn:cite:hmt:normalized.1398,ϊατρικὴν,ἰατρικὴν,proposed,
urn:cite:hmt:normalized.487,ϊξάλου,ἰξάλου,proposed,
urn:cite:hmt:normalized.528,ϊξάλου,ἰξάλου,proposed,
urn:cite:hmt:normalized.1294,ϊδεαι,ἰδέαι,proposed,
urn:cite:hmt:normalized.754,ϊδιως,ἰδίως,proposed,
urn:cite:hmt:normalized.1247,ϊδιότητα,ἰδιότητα,proposed,
urn:cite:hmt:normalized.1600,ϊδρείη,ἰδρείη,proposed,
urn:cite:hmt:normalized.410,ϊδρῶ,ἱδρῶ,proposed,
urn:cite:hmt:normalized.142,ϊέναι,ἰέναι,proposed,
urn:cite:hmt:normalized.234,ϊέναι,ἰέναι,proposed,
urn:cite:hmt:normalized.657,ϊέναι,ἰέναι,proposed,
urn:cite:hmt:normalized.1535,ϊερὸν,ἱερὸν,proposed,
urn:cite:hmt:normalized.1453,ϊερέων,ἱερέων,proposed,
urn:cite:hmt:normalized.656,ϊητὴρ,ἰητὴρ,proposed,
urn:cite:hmt:normalized.1268,ϊκάνετον,ἱκάνετον,proposed,
urn:cite:hmt:normalized.838,ϊκανὰ,ἱκανά,proposed,
urn:cite:hmt:normalized.1399,ϊκετεύοντες,ἱκετεύοντες,proposed,
urn:cite:hmt:normalized.1302,ϊκετης,ἱκέτης,proposed,
urn:cite:hmt:normalized.527,ϊκνεῖσθαι,ἱκνεῖσθαι,proposed,
urn:cite:hmt:normalized.111,ϊκοίμεθ᾽,ἱκοίμεθ᾽,proposed,
urn:cite:hmt:normalized.202,ϊκοίμεθ᾽,ἱκοίμεθ᾽,proposed,
urn:cite:hmt:normalized.122,ϊκοίμην,ἱκοίμην,proposed,
urn:cite:hmt:normalized.214,ϊκοίμην,ἱκοίμην,proposed,
urn:cite:hmt:normalized.1,ϊκέσθαι,ἱκέσθαι,proposed,
urn:cite:hmt:normalized.173,ϊκέσθαι,ἱκέσθαι,proposed,
urn:cite:hmt:normalized.265,ϊκέσθαι,ἱκέσθαι,proposed,
urn:cite:hmt:normalized.733,ϊόμωροι,ἰ̈όμωροι,proposed,
urn:cite:hmt:normalized.970,ϊόν,ἰόν,proposed,
urn:cite:hmt:normalized.80,ϊόντες,ἰόντες,proposed,
urn:cite:hmt:normalized.289,ϊόντι,ἰόντι,proposed,
urn:cite:hmt:normalized.776,ϊόντι,ἰόντι,proposed,
urn:cite:hmt:normalized.149,ϊούσας,ἰούσας,proposed,
urn:cite:hmt:normalized.241,ϊούσας,ἰούσας,proposed,
urn:cite:hmt:normalized.118,ϊρά,ἱρά,proposed,
urn:cite:hmt:normalized.210,ϊρά,ἱρά,proposed,
urn:cite:hmt:normalized.1647,ϊρήν,ἱρήν,proposed,
urn:cite:hmt:normalized.423,ϊρὴ,ἱρὴ,proposed,
urn:cite:hmt:normalized.1564,ϊρὴν,ἱρὴν,proposed,
urn:cite:hmt:normalized.1289,ϊστορία,ἱστορία,proposed,
urn:cite:hmt:normalized.123,ϊχθυόεντα,ἰχθυόεντα,proposed,
urn:cite:hmt:normalized.215,ϊχθυόεντα,ἰχθυόεντα,proposed,
urn:cite:hmt:normalized.681,ϊχθὺς,ἰχθύς,proposed,
urn:cite:hmt:normalized.161,ϊέναι,ἰέναι,proposed,
urn:cite:hmt:normalized.253,ϊέναι,ἰέναι,proposed,
urn:cite:hmt:normalized.301,ϊέναι,ἰέναι,proposed,
urn:cite:hmt:normalized.488,ϊ̄όν,ἰόν,proposed,
urn:cite:hmt:normalized.1397,ϊάσονται,ἰάσονται,proposed,
urn:cite:hmt:normalized.107,ί̈αλλον,ἴαλλον,proposed,
urn:cite:hmt:normalized.198,ί̈αλλον,ἴαλλον,proposed,
urn:cite:hmt:normalized.146,ί̈αυον,ἴαυον,proposed,
urn:cite:hmt:normalized.238,ί̈αυον,ἴαυον,proposed,
urn:cite:hmt:normalized.1698,ϊητῆρος,ἰ̈ητῆρος,proposed,
urn:cite:hmt:normalized.120,ί̈κανεν,ἵκανεν,proposed,
urn:cite:hmt:normalized.212,ί̈κανεν,ἵκανεν,proposed,
urn:cite:hmt:normalized.695,ί̈κανον,ἵκανον,proposed,
urn:cite:hmt:normalized.129,ί̈κομαι,ἵκωμαι,proposed,
urn:cite:hmt:normalized.221,ί̈κομαι,ἵκωμαι,proposed,
urn:cite:hmt:normalized.176,ί̈λαον,ἵλαον,proposed,
urn:cite:hmt:normalized.268,ί̈λαον,ἵλαον,proposed,
urn:cite:hmt:normalized.110,ί̈σχειν,ἴσχειν,proposed,
urn:cite:hmt:normalized.201,ί̈σχειν,ἴσχειν,proposed,
urn:cite:hmt:normalized.1044,ί̈τυν,ἴτυν,proposed,
urn:cite:hmt:normalized.153,ί̄̈κοι,ἵκοι,proposed,
urn:cite:hmt:normalized.244,ί̄̈κοι,ἵκοι,proposed,
urn:cite:hmt:normalized.1530,ίππων,ἵππων,proposed,
urn:cite:hmt:normalized.1295,ῖ̈φι,ἶφι,proposed,
urn:cite:hmt:normalized.788,ῖ̈φι,ἶφι,proposed,
urn:cite:hmt:normalized.988,ιαχη,ἰαχῇ,proposed,
urn:cite:hmt:normalized.508,κ,κ᾽,proposed,
urn:cite:hmt:normalized.1672,καγὼ,κἀγὼ,proposed,
urn:cite:hmt:normalized.626,καδ,κὰδ,proposed,
urn:cite:hmt:normalized.81,καδ,κάδ,proposed,
urn:cite:hmt:normalized.702,και,καὶ,proposed,
urn:cite:hmt:normalized.1668,καιε,καῖε,proposed,
urn:cite:hmt:normalized.1113,κακ,κἀκ,proposed,
urn:cite:hmt:normalized.1140,κακ,κἀκ,proposed,
urn:cite:hmt:normalized.1667,καλλιγυναικα,καλλιγύναικα,proposed,
urn:cite:hmt:normalized.363,καδ,κάδ᾽,proposed,
urn:cite:hmt:normalized.509,καιρον,καιρόν,proposed,
urn:cite:hmt:normalized.912,κακείνος,κἀκεῖνος,proposed,
urn:cite:hmt:normalized.1171,κακεῖ,κἀκεῖ,proposed,
urn:cite:hmt:normalized.1297,κακεῖνος,κἀκεῖνος,proposed,
urn:cite:hmt:normalized.703,κακοπαθουντας,κακοπαθοῦντας,proposed,
urn:cite:hmt:normalized.437,καλλος,κάλλος,proposed,
urn:cite:hmt:normalized.37,καθ,καθ᾽,proposed,
urn:cite:hmt:normalized.463,καθ,καθ᾽,proposed,
urn:cite:hmt:normalized.601,καθ,καθ᾽,proposed,
urn:cite:hmt:normalized.828,καθ,καθ᾽,proposed,
urn:cite:hmt:normalized.979,καθ,καθ᾽,proposed,
urn:cite:hmt:normalized.333,κατ,κατ᾽,proposed,
urn:cite:hmt:normalized.38,κατα,κατὰ,proposed,
urn:cite:hmt:normalized.510,καταλελοιπε,καταλέλοιπε,proposed,
urn:cite:hmt:normalized.14,καταρῥέον,καταρρέον,proposed,
urn:cite:hmt:normalized.583,καταρῥέον,καταρρέον,proposed,
urn:cite:hmt:normalized.298,κατατεθνειώτων,κατατεθνηώτων,proposed,
urn:cite:hmt:normalized.1284,καταχθονιον,καταχθόνιον,proposed,
urn:cite:hmt:normalized.829,κατοπιν,κατόπιν,proposed,
urn:cite:hmt:normalized.1484,κατώκουν,κατῴκουν,proposed,
urn:cite:hmt:normalized.1636,κεινται,κεῖνται,proposed,
urn:cite:hmt:normalized.1468,κειται,κεῖται,proposed,
urn:cite:hmt:normalized.639,κεκράμενον,κεκραμένον,proposed,
urn:cite:hmt:normalized.511,κεχαρισμενος,κεχαρισμένος,proposed,
urn:cite:hmt:normalized.670,κήρυξ,κῆρυξ,proposed,
urn:cite:hmt:normalized.1620,κηρυκος,κήρυκος,proposed,
urn:cite:hmt:normalized.1265,κιθαραν,κιθάραν,proposed,
urn:cite:hmt:normalized.1266,κιθαρας,κιθάρας,proposed,
urn:cite:hmt:normalized.157,κλαῖ᾽,κλαῖεν,proposed,
urn:cite:hmt:normalized.249,κλαῖ᾽,κλαῖεν,proposed,
urn:cite:hmt:normalized.1451,κλαιε,κλαῖε,proposed,
urn:cite:hmt:normalized.962,κλητικῆ,κλητικῇ,proposed,
urn:cite:hmt:normalized.39,κοιλα,κοῖλα,proposed,
urn:cite:hmt:normalized.602,κοιλα,κοῖλα,proposed,
urn:cite:hmt:normalized.386,κοινῆ,κοινὴ,proposed,
urn:cite:hmt:normalized.744,κοινον,κοινόν,proposed,
urn:cite:hmt:normalized.794,κρατῆσας,κρατήσας,proposed,
urn:cite:hmt:normalized.1412,κρημνον,κρημνόν,proposed,
urn:cite:hmt:normalized.285,κρητηρι,κρητῆρι,proposed,
urn:cite:hmt:normalized.913,λαβων,λαβών,proposed,
urn:cite:hmt:normalized.1388,λαθραιας,λαθραίας,proposed,
urn:cite:hmt:normalized.464,λεγει,λέγει,proposed,
urn:cite:hmt:normalized.465,λεγειν,λέγειν,proposed,
urn:cite:hmt:normalized.1393,λεγεται,λέγεται,proposed,
urn:cite:hmt:normalized.466,λεγουσι,λέγουσι,proposed,
urn:cite:hmt:normalized.963,λεγουσι,λέγουσι,proposed,
urn:cite:hmt:normalized.875,λειπει,λείπει,proposed,
urn:cite:hmt:normalized.914,λειτουργιας,λειτουργίας,proposed,
urn:cite:hmt:normalized.1554,λελαχωσι,λελάχωσι,proposed,
urn:cite:hmt:normalized.1029,λελιημενος,λελιημένος,proposed,
urn:cite:hmt:normalized.1130,Λιτη,Λιτή,proposed,
urn:cite:hmt:normalized.512,λογισμον,λογισμόν,proposed,
urn:cite:hmt:normalized.1458,λογος,λόγος,proposed,
urn:cite:hmt:normalized.1285,λογῳ,λόγῳ,proposed,
urn:cite:hmt:normalized.1030,λοιπα,λοιπά,proposed,
urn:cite:hmt:normalized.1661,λυπει,λυπεῖ,proposed,
urn:cite:hmt:normalized.1467,μ,μ᾽,proposed,
urn:cite:hmt:normalized.877,μεν,μὲν,proposed,
urn:cite:hmt:normalized.1173,μεν,μέν,proposed,
urn:cite:hmt:normalized.964,μη,μὴ,proposed,
urn:cite:hmt:normalized.672,μάταξ,μάσταξ,proposed,
urn:cite:hmt:normalized.671,μαστος,μαστός,proposed,
urn:cite:hmt:normalized.795,μαχεται,μάχεται,proposed,
urn:cite:hmt:normalized.1039,μέγ,μέγ᾽,proposed,
urn:cite:hmt:normalized.559,μεγα,μέγα,proposed,
urn:cite:hmt:normalized.15,μελαν,μέλαν,proposed,
urn:cite:hmt:normalized.1199,μεθ,μεθ᾽,proposed,
urn:cite:hmt:normalized.1077,μεθίεντας,μεθιέντας,proposed,
urn:cite:hmt:normalized.876,μεθιεμεν,μεθιέμεν,proposed,
urn:cite:hmt:normalized.1057,μερος,μέρος,proposed,
urn:cite:hmt:normalized.1161,μετ,μετ᾽,proposed,
urn:cite:hmt:normalized.1469,μετα,μετά,proposed,
urn:cite:hmt:normalized.40,μετα,μετὰ,proposed,
urn:cite:hmt:normalized.1058,μετρον,μέτρον,proposed,
urn:cite:hmt:normalized.1219,μετρον,μέτρον,proposed,
urn:cite:hmt:normalized.344,μηδεν,μηδέν,proposed,
urn:cite:hmt:normalized.1086,μηδεπότε,μηδέποτε,proposed,
urn:cite:hmt:normalized.784,μηδ`᾽,μηδ᾽,proposed,
urn:cite:hmt:normalized.989,μιγνυνται,μίγνυνται,proposed,
urn:cite:hmt:normalized.1485,μιμητικον,μιμητικόν,proposed,
urn:cite:hmt:normalized.1174,μνημην,μνήμην,proposed,
urn:cite:hmt:normalized.1353,ναυσι,ναυσί,proposed,
urn:cite:hmt:normalized.915,νεανιας,νεανίας,proposed,
urn:cite:hmt:normalized.345,νεκυίαν,νέκυιαν,proposed,
urn:cite:hmt:normalized.560,νευρην,νευρήν,proposed,
urn:cite:hmt:normalized.1238,νεωτεροις,νεωτέροις,proposed,
urn:cite:hmt:normalized.1555,νείκε,νείκε᾽,proposed,
urn:cite:hmt:normalized.438,νίκος,νῖκος,proposed,
urn:cite:hmt:normalized.1522,νικην,νίκην,proposed,
urn:cite:hmt:normalized.1059,νομιζομενης,νομιζομένης,proposed,
urn:cite:hmt:normalized.455,ό,ὅ,proposed,
urn:cite:hmt:normalized.41,οι,οἱ,proposed,
urn:cite:hmt:normalized.1437,ὸν,ὃν,proposed,
urn:cite:hmt:normalized.1319,όαροι,ὄαροι,proposed,
urn:cite:hmt:normalized.1432,όμοιον,ὅμοιον,proposed,
urn:cite:hmt:normalized.1357,όρεξιν,ὄρεξιν,proposed,
urn:cite:hmt:normalized.1670,ορίζοντος,ὁρίζοντος,proposed,
urn:cite:hmt:normalized.1400,όψεις,ὄψεις,proposed,
urn:cite:hmt:normalized.1320,ότε,ὅτε,proposed,
urn:cite:hmt:normalized.1378,ότι,ὅτι,proposed,
urn:cite:hmt:normalized.847,ὁμοιΐον,ὁμοίιον,proposed,
urn:cite:hmt:normalized.418,ὁμοιως,ὁμοίως,proposed,
urn:cite:hmt:normalized.1340,ὁμοχρονά,ὁμόχρονα,proposed,
urn:cite:hmt:normalized.725,ὁμωνυμως,ὁμωνύμως,proposed,
urn:cite:hmt:normalized.1513,ὁμώνομος,ὁμώνυμος,proposed,
urn:cite:hmt:normalized.848,ὁπότ,ὁπότ᾽,proposed,
urn:cite:hmt:normalized.890,ὁππότ,ὁππότ᾽,proposed,
urn:cite:hmt:normalized.889,ὁπποτε,ὁππότε,proposed,
urn:cite:hmt:normalized.175,ὁππότ᾽,ὁππότ᾽,proposed,
urn:cite:hmt:normalized.267,ὁππότ᾽,ὁππότ᾽,proposed,
urn:cite:hmt:normalized.1402,ὁραν,ὁρᾶν,proposed,
urn:cite:hmt:normalized.1306,ὁτε,ὁτέ,proposed,
urn:cite:hmt:normalized.481,ὁτι,ὅτι,proposed,
urn:cite:hmt:normalized.1010,ὄπλων,ὅπλων,proposed,
urn:cite:hmt:normalized.279,ὄρκι᾽,ὅρκι᾽,proposed,
urn:cite:hmt:normalized.293,ὄρκι᾽,ὅρκι᾽,proposed,
urn:cite:hmt:normalized.766,ὄρκι᾽,ὅρκι᾽,proposed,
urn:cite:hmt:normalized.780,ὄρκι᾽,ὅρκι᾽,proposed,
urn:cite:hmt:normalized.685,ὀφελος,ὄφελος,proposed,
urn:cite:hmt:normalized.150,ὀφθαλμών,ὀφθαλμώ,proposed,
urn:cite:hmt:normalized.1070,ὀπαζων,ὀπάζων,proposed,
urn:cite:hmt:normalized.1385,ὀραθῆναι,ὁραθῆναι,proposed,
urn:cite:hmt:normalized.1508,ὀργην,ὀργῆν,proposed,
urn:cite:hmt:normalized.452,ὀργιζόμενων,ὀργιζομένων,proposed,
urn:cite:hmt:normalized.888,ὀρμήσειεν,ὁρμήσειεν,proposed,
urn:cite:hmt:normalized.975,ὀρνυμενου,ὀρνυμένου,proposed,
urn:cite:hmt:normalized.1009,ὀρυμαγδος,ὀρυμαγδός,proposed,
urn:cite:hmt:normalized.163,ὀρῴρῃ,ὀρώρῃ,proposed,
urn:cite:hmt:normalized.255,ὀρῴρῃ,ὀρώρῃ,proposed,
urn:cite:hmt:normalized.830,ο̈βελὸς,ὀβελός,proposed,
urn:cite:hmt:normalized.811,όλην,ὅλην,proposed,
urn:cite:hmt:normalized.687,όλον,ὅλον,proposed,
urn:cite:hmt:normalized.1014,όμαδος,ὅμαδος,proposed,
urn:cite:hmt:normalized.1072,όμβρῳ,ὄμβρῳ,proposed,
urn:cite:hmt:normalized.1073,όντων,ὄντων,proposed,
urn:cite:hmt:normalized.1074,όρεσφιν,ὄρεσφιν,proposed,
urn:cite:hmt:normalized.23,όρκι᾽,ὅρκι᾽,proposed,
urn:cite:hmt:normalized.591,όρκι᾽,ὅρκι᾽,proposed,
urn:cite:hmt:normalized.22,όρκια,ὅρκια,proposed,
urn:cite:hmt:normalized.281,όρκια,ὅρκια,proposed,
urn:cite:hmt:normalized.590,όρκια,ὅρκια,proposed,
urn:cite:hmt:normalized.653,όρκια,ὁρκία,proposed,
urn:cite:hmt:normalized.768,όρκια,ὅρκια,proposed,
urn:cite:hmt:normalized.782,όρκια,ὅρκια,proposed,
urn:cite:hmt:normalized.539,όρκους,ὅρκους,proposed,
urn:cite:hmt:normalized.540,όρκων,ὅρκων,proposed,
urn:cite:hmt:normalized.1015,όρνυται,ὄρνυται,proposed,
urn:cite:hmt:normalized.1654,όρθρος,ὄρθρος,proposed,
urn:cite:hmt:normalized.419,όρσομεν,ὄρσομεν,proposed,
urn:cite:hmt:normalized.1536,όρσωμεν,ὄρσωμεν,proposed,
urn:cite:hmt:normalized.1659,όρυξαν,ὄρυξαν,proposed,
urn:cite:hmt:normalized.1644,όρωρε,ὄρωρε,proposed,
urn:cite:hmt:normalized.1655,όσον,ὅσον,proposed,
urn:cite:hmt:normalized.114,οάρων,ὀάρων,proposed,
urn:cite:hmt:normalized.206,οάρων,ὀάρων,proposed,
urn:cite:hmt:normalized.104,οβελοῖσιν,ὀβελοῖσιν,proposed,
urn:cite:hmt:normalized.196,οβελοῖσιν,ὀβελοῖσιν,proposed,
urn:cite:hmt:normalized.1502,οβελίσκοι,ὀβελίσκοι,proposed,
urn:cite:hmt:normalized.1503,οβελίσκων,ὀβελίσκων,proposed,
urn:cite:hmt:normalized.936,οξεῖα,ὀξεῖα,proposed,
urn:cite:hmt:normalized.439,οξεια,ὀξεῖα,proposed,
urn:cite:hmt:normalized.832,οφείλων,ὀφείλων,proposed,
urn:cite:hmt:normalized.179,οἷδε,οἵδε,proposed,
urn:cite:hmt:normalized.272,οἷδε,οἵδε,proposed,
urn:cite:hmt:normalized.335,οἱκόπεδα,οἰκόπεδα,proposed,
urn:cite:hmt:normalized.1241,οἰδεν,οἶδεν,proposed,
urn:cite:hmt:normalized.1376,οἰκητορες,οἰκήτορες,proposed,
urn:cite:hmt:normalized.1556,οἰκιας,οἰκίας,proposed,
urn:cite:hmt:normalized.1431,οἰκοτραφη,οἰκοτραφῆ,proposed,
urn:cite:hmt:normalized.1575,οίκῳ,οἴκῳ,proposed,
urn:cite:hmt:normalized.154,οῖτον,οἶτον,proposed,
urn:cite:hmt:normalized.245,οῖτον,οἶτον,proposed,
urn:cite:hmt:normalized.1239,οικεῖα,οἰκεῖα,proposed,
urn:cite:hmt:normalized.364,οικεῖον,οἰκεῖον,proposed,
urn:cite:hmt:normalized.1286,οικειας,οἰκείας,proposed,
urn:cite:hmt:normalized.334,οικίας,οἰκίας,proposed,
urn:cite:hmt:normalized.1604,οικια,οἰκία,proposed,
urn:cite:hmt:normalized.1253,οικονομιαν,οἰκονομίαν,proposed,
urn:cite:hmt:normalized.831,οιομένοις,οἰομένοις,proposed,
urn:cite:hmt:normalized.1504,ολίγου,ὀλίγου,proposed,
urn:cite:hmt:normalized.1334,ομαλὸν,ὁμαλὸν,proposed,
urn:cite:hmt:normalized.1685,ομοκλὴν,ὁμοκλὴν,proposed,
urn:cite:hmt:normalized.1329,οπλοτερος,ὁπλότερος,proposed,
urn:cite:hmt:normalized.878,οπταλέα,ὀπταλέα,proposed,
urn:cite:hmt:normalized.796,ορεξάσθω,ὀρεξάσθω,proposed,
urn:cite:hmt:normalized.1354,οργῆς,ὀργῆς,proposed,
urn:cite:hmt:normalized.1362,οργῇ,ὀργῇ,proposed,
urn:cite:hmt:normalized.1337,οργιλώτατοι,ὀργιλώτατοι,proposed,
urn:cite:hmt:normalized.1430,οργισθεὶς,ὀργισθεὶς,proposed,
urn:cite:hmt:normalized.1220,ορκον,ὅρκον,proposed,
urn:cite:hmt:normalized.855,ορόωτε,ὁρόῳτε,proposed,
urn:cite:hmt:normalized.1470,ορθὴν,ὀρθὴν,proposed,
urn:cite:hmt:normalized.1254,ορθοῖς,ὀρθοῖς,proposed,
urn:cite:hmt:normalized.1487,ορθοτονεῖ,ὀρθοτονεῖ,proposed,
urn:cite:hmt:normalized.1346,ορθοτονητέον,ὀρθοτονητέον,proposed,
urn:cite:hmt:normalized.1488,ορθοτονούμεναι,ὀρθοτονούμεναι,proposed,
urn:cite:hmt:normalized.1486,ορίσασθαι,ὁρίσασθαι,proposed,
urn:cite:hmt:normalized.1363,ος,ὅς,proposed,
urn:cite:hmt:normalized.453,ὅτ,ὅτ᾽,proposed,
urn:cite:hmt:normalized.85,ὅτ,ὅτ᾽,proposed,
urn:cite:hmt:normalized.1597,οτε,ὅτε,proposed,
urn:cite:hmt:normalized.745,οτι,ὅτι,proposed,
urn:cite:hmt:normalized.879,οτι,ὅτι,proposed,
urn:cite:hmt:normalized.1650,οσην,ὅσην,proposed,
urn:cite:hmt:normalized.1630,οστᾶ,ὀστᾶ,proposed,
urn:cite:hmt:normalized.515,οὑτως,οὕτως,proposed,
urn:cite:hmt:normalized.1242,οὔνεκ᾽,οὕνεκ᾽,proposed,
urn:cite:hmt:normalized.113,οὐδ᾽,οὐδέ,proposed,
urn:cite:hmt:normalized.205,οὐδ᾽,οὐδέ,proposed,
urn:cite:hmt:normalized.1365,οὐδ,οὐδ᾽,proposed,
urn:cite:hmt:normalized.514,οὐδε,οὐδέ,proposed,
urn:cite:hmt:normalized.734,οὐδε,οὐδὲ,proposed,
urn:cite:hmt:normalized.833,οὐδε,οὐδέ,proposed,
urn:cite:hmt:normalized.880,οὐδε,οὐδέ,proposed,
urn:cite:hmt:normalized.440,οὐδετερον,οὐδέτερον,proposed,
urn:cite:hmt:normalized.1605,οὐδ`᾽,οὐδ᾽,proposed,
urn:cite:hmt:normalized.1653,οὐτ,οὐτ᾽,proposed,
urn:cite:hmt:normalized.1576,ούδει,οὔδει,proposed,
urn:cite:hmt:normalized.746,ουλαμὸν,οὐλαμόν,proposed,
urn:cite:hmt:normalized.1684,ούροισι,οὔροισι,proposed,
urn:cite:hmt:normalized.1577,ούρῳ,οὔρῳ,proposed,
urn:cite:hmt:normalized.1332,ούσης,οὔσης,proposed,
urn:cite:hmt:normalized.1614,ούτασε,οὔτασε,proposed,
urn:cite:hmt:normalized.299,οῦρα,οὖρα,proposed,
urn:cite:hmt:normalized.326,οῦσα,οὖσα,proposed,
urn:cite:hmt:normalized.640,οῦσαν,οὖσαν,proposed,
urn:cite:hmt:normalized.1078,οῦτα,οὖτα,proposed,
urn:cite:hmt:normalized.1489,οῦτοι,οὗτοι,proposed,
urn:cite:hmt:normalized.1524,οῦτος,οὗτος,proposed,
urn:cite:hmt:normalized.1584,οῦτος,οὗτος,proposed,
urn:cite:hmt:normalized.1364,ουδ,οὐδ᾽,proposed,
urn:cite:hmt:normalized.1637,ουτοι,οὗτοι,proposed,
urn:cite:hmt:normalized.1583,ουτος,οὗτος,proposed,
urn:cite:hmt:normalized.1523,ουτως,οὕτως,proposed,
urn:cite:hmt:normalized.673,ουχι,οὐχί,proposed,
urn:cite:hmt:normalized.1687,οὐχι,οὐχί,proposed,
urn:cite:hmt:normalized.1396,ούνεκα,οὕνεκα,proposed,
urn:cite:hmt:normalized.1355,ούτω,οὕτω,proposed,
urn:cite:hmt:normalized.1240,ούτως,οὕτως,proposed,
urn:cite:hmt:normalized.1532,ουκ,οὐκ,proposed,
urn:cite:hmt:normalized.43,οὐν,οὖν,proposed,
urn:cite:hmt:normalized.604,οὐν,οὖν,proposed,
urn:cite:hmt:normalized.747,οῦκ,οὐκ,proposed,
urn:cite:hmt:normalized.705,οῦν,οὖν,proposed,
urn:cite:hmt:normalized.748,οῦν,οὖν,proposed,
urn:cite:hmt:normalized.42,ου,οὐ,proposed,
urn:cite:hmt:normalized.513,ου,οὐ,proposed,
urn:cite:hmt:normalized.603,ου,οὐ,rejected,
urn:cite:hmt:normalized.704,οί,οἵ,proposed,
urn:cite:hmt:normalized.674,οῦ,οὖ,proposed,
urn:cite:hmt:normalized.1696,οῦρος,οὖρος,proposed,
urn:cite:hmt:normalized.816,Παλαμίδῃ,Παλαμήδη,proposed,
urn:cite:hmt:normalized.313,παρ,πὰρ,proposed,
urn:cite:hmt:normalized.897,παρ,πὰρ,proposed,
urn:cite:hmt:normalized.178,παρ,πάρ,proposed,
urn:cite:hmt:normalized.271,παρ,πάρ,proposed,
urn:cite:hmt:normalized.1677,πατρώων,πατρῴων,proposed,
urn:cite:hmt:normalized.1610,πάντος,πάντοσ᾽,proposed,
urn:cite:hmt:normalized.348,πάρεστη,παρέστη,proposed,
urn:cite:hmt:normalized.1557,παισιν,παισίν,proposed,
urn:cite:hmt:normalized.516,παλαιον,πάλαιον,proposed,
urn:cite:hmt:normalized.387,παλιν,πάλιν,proposed,
urn:cite:hmt:normalized.749,παλιὸν,πάλιον,proposed,
urn:cite:hmt:normalized.937,παντων,πάντων,proposed,
urn:cite:hmt:normalized.965,παθος,πάθος,proposed,
urn:cite:hmt:normalized.517,παρ,παρ᾽,proposed,
urn:cite:hmt:normalized.834,παρ,παρ᾽,proposed,
urn:cite:hmt:normalized.246,παρα,παρά,proposed,
urn:cite:hmt:normalized.346,παρα,παρὰ,proposed,
urn:cite:hmt:normalized.797,παραγενηται,παραγένηται,proposed,
urn:cite:hmt:normalized.1338,παραληγουσῃ,παραληγούσῃ,proposed,
urn:cite:hmt:normalized.1116,παραστήση,παραστήσῃ,proposed,
urn:cite:hmt:normalized.1144,παραστήση,παραστήσῃ,proposed,
urn:cite:hmt:normalized.1114,παρεκ,παρέκ,proposed,
urn:cite:hmt:normalized.1141,παρεκ,παρέκ,proposed,
urn:cite:hmt:normalized.1273,παρελκει,παρέλκει,proposed,
urn:cite:hmt:normalized.1533,παρεχουσαν,παρέχουσαν,proposed,
urn:cite:hmt:normalized.1314,παρημενοι,παρήμενοι,proposed,
urn:cite:hmt:normalized.938,παροιμια,παροιμία,proposed,
urn:cite:hmt:normalized.1098,παρολκην,παρολκήν,proposed,
urn:cite:hmt:normalized.1060,παρθενιος,παρθένιος,proposed,
urn:cite:hmt:normalized.152,παράρητοί,παράρρητοί,proposed,
urn:cite:hmt:normalized.243,παράρητοί,παράρρητοί,proposed,
urn:cite:hmt:normalized.706,πασης,πάσης,proposed,
urn:cite:hmt:normalized.347,πασιν,πᾶσιν,proposed,
urn:cite:hmt:normalized.395,Περι,Περί,rejected,
urn:cite:hmt:normalized.916,πατρι,πατρί,proposed,
urn:cite:hmt:normalized.1681,πεπνυμενος,πεπνυμένος,proposed,
urn:cite:hmt:normalized.565,πέσθαι,πτέσθαι,proposed,
urn:cite:hmt:normalized.561,πεφυκει,πεφύκει,proposed,
urn:cite:hmt:normalized.1256,πεῖσθῆναι,πεισθῆναι,proposed,
urn:cite:hmt:normalized.1558,πελαγος,πέλαγος,proposed,
urn:cite:hmt:normalized.1471,πεμφθῆ,πεμφθῇ,proposed,
urn:cite:hmt:normalized.1115,πενθεϊ,πένθεϊ,proposed,
urn:cite:hmt:normalized.1142,πενθεϊ,πένθεϊ,proposed,
urn:cite:hmt:normalized.939,πεπορθηκοτες,πεπορθηκότες,proposed,
urn:cite:hmt:normalized.441,περι,περὶ,proposed,
urn:cite:hmt:normalized.467,περι,περί,proposed,
urn:cite:hmt:normalized.940,περιφραστικως,περιφραστικῶς,proposed,
urn:cite:hmt:normalized.1255,περισπαστεον,περισπαστέον,proposed,
urn:cite:hmt:normalized.1413,περισπωμενως,περισπωμένως,proposed,
urn:cite:hmt:normalized.1175,περισσος,περισσός,proposed,
urn:cite:hmt:normalized.1692,πικρην,πικρήν,proposed,
urn:cite:hmt:normalized.995,πίπτον,πῖπτον,proposed,
urn:cite:hmt:normalized.286,πίσση,πίσσῃ,proposed,
urn:cite:hmt:normalized.772,πίσση,πίσσῃ,proposed,
urn:cite:hmt:normalized.773,πῖσσα,πίσσα,proposed,
urn:cite:hmt:normalized.1664,πιεμεναι,πιέμεναι,proposed,
urn:cite:hmt:normalized.1257,πιον,πίον,proposed,
urn:cite:hmt:normalized.1544,πιθανον,πιθανόν,proposed,
urn:cite:hmt:normalized.707,πιθανωτερον,πιθανώτερον,proposed,
urn:cite:hmt:normalized.750,πιστέον,πειστέον,proposed,
urn:cite:hmt:normalized.1243,πιστη,πιστή,proposed,
urn:cite:hmt:normalized.835,πιστος,πιστός,proposed,
urn:cite:hmt:normalized.442,πλεόντες,πλέοντες,proposed,
urn:cite:hmt:normalized.1031,πλεονασμον,πλεονασμὸν,proposed,
urn:cite:hmt:normalized.365,πλεονασμον,πλεονασμόν,proposed,
urn:cite:hmt:normalized.990,πληθοντι,πλήθοντι,proposed,
urn:cite:hmt:normalized.708,πληθυντικον,πληθυντικόν,proposed,
urn:cite:hmt:normalized.917,πλησιασαντες,πλησιάσαντες,proposed,
urn:cite:hmt:normalized.1244,πόμνον,ποίμνιον,proposed,
urn:cite:hmt:normalized.518,ποιητην,ποιήτην,proposed,
urn:cite:hmt:normalized.991,ποιητην,ποιήτην,proposed,
urn:cite:hmt:normalized.77,ποιμενα,ποιμένα,proposed,
urn:cite:hmt:normalized.798,πολεας,πολέας,proposed,
urn:cite:hmt:normalized.1061,πολεις,πολεῖς,proposed,
urn:cite:hmt:normalized.992,πολεμου,πολεμοῦ,proposed,
urn:cite:hmt:normalized.641,πολιν,πόλιν,proposed,
urn:cite:hmt:normalized.1490,πολις,πόλις,proposed,
urn:cite:hmt:normalized.519,πολλακις,πολλάκις,proposed,
urn:cite:hmt:normalized.1062,πολλας,πολλᾶς,proposed,
urn:cite:hmt:normalized.82,πολλ̀᾽,πολλ᾽,proposed,
urn:cite:hmt:normalized.688,πολλ`᾽,πολλ᾽,proposed,
urn:cite:hmt:normalized.422,πολυ,πολύ,proposed,
urn:cite:hmt:normalized.184,πολύρηνες,πολύρρηνες,proposed,
urn:cite:hmt:normalized.92,πολύρηνες,πολύρρηνες,proposed,
urn:cite:hmt:normalized.966,πολυπαμονος,πολυπάμονος,proposed,
urn:cite:hmt:normalized.1063,ποταμων,ποταμῶν,proposed,
urn:cite:hmt:normalized.993,ποτερον,πότερον,proposed,
urn:cite:hmt:normalized.544,ποτι,ποτὶ,proposed,
urn:cite:hmt:normalized.562,ποτι,ποτί,proposed,
urn:cite:hmt:normalized.918,πρεσβευτην,πρεσβευτήν,proposed,
urn:cite:hmt:normalized.1507,προβεβλησθαι,προβεβλῆσθαι,proposed,
urn:cite:hmt:normalized.1384,προδρομος,πρόδρομος,proposed,
urn:cite:hmt:normalized.941,προειρημενων,προειρημένων,proposed,
urn:cite:hmt:normalized.564,προεσθαι,προέσθαι,proposed,
urn:cite:hmt:normalized.799,προμάχοι,πρόμαχοι,proposed,
urn:cite:hmt:normalized.44,προμολούσαν,προμολοῦσαν,proposed,
urn:cite:hmt:normalized.605,προμολούσαν,προμολοῦσαν,proposed,
urn:cite:hmt:normalized.967,προθεσιν,πρόθεσιν,proposed,
urn:cite:hmt:normalized.1607,προς,πρός,proposed,
urn:cite:hmt:normalized.408,προς,πρὸς,proposed,
urn:cite:hmt:normalized.444,προς,πρὸς,proposed,
urn:cite:hmt:normalized.45,προς,πρὸς,proposed,
urn:cite:hmt:normalized.521,προς,πρὸς,proposed,
urn:cite:hmt:normalized.606,προς,πρὸς,proposed,
urn:cite:hmt:normalized.655,προσήυδα,προσηύδα,proposed,
urn:cite:hmt:normalized.1087,προσωπου,προσώπου,proposed,
urn:cite:hmt:normalized.1064,προσχων,προσχών,proposed,
urn:cite:hmt:normalized.919,προσήυδᾱ,προσηύδᾱ,proposed,
urn:cite:hmt:normalized.1414,προτερας,προτέρας,proposed,
urn:cite:hmt:normalized.1559,προτι,προτί,proposed,
urn:cite:hmt:normalized.881,πρώτοι,πρῶτοι,proposed,
urn:cite:hmt:normalized.968,πρωτα,πρῶτα,proposed,
urn:cite:hmt:normalized.994,πρωτον,πρῶτον,proposed,
urn:cite:hmt:normalized.522,πτεῖσαι,πεῖσαι,proposed,
urn:cite:hmt:normalized.882,πυργος,πύργος,proposed,
urn:cite:hmt:normalized.1356,πυρι,πυρί,proposed,
urn:cite:hmt:normalized.1316,πύλησιν,πύλῃσιν,proposed,
urn:cite:hmt:normalized.1631,προ,πρό,proposed,
urn:cite:hmt:normalized.16,προ,πρὸ,proposed,
urn:cite:hmt:normalized.443,προ,πρὸ,proposed,
urn:cite:hmt:normalized.520,προ,πρὸ,proposed,
urn:cite:hmt:normalized.563,προ,πρὸ,proposed,
urn:cite:hmt:normalized.584,προ,πρὸ,proposed,
urn:cite:hmt:normalized.893,προ,πρὸ,proposed,
urn:cite:hmt:normalized.181,προ,πρό,proposed,
urn:cite:hmt:normalized.274,προ,πρό,proposed,
urn:cite:hmt:normalized.468,προ,πρό,proposed,
urn:cite:hmt:normalized.730,πω,πώ,proposed,
urn:cite:hmt:normalized.1683,ρ',ῥ',proposed,
urn:cite:hmt:normalized.270,ρ᾽,ῥ᾽,rejected,
urn:cite:hmt:normalized.1598,ρ,ῥ᾽,rejected,
urn:cite:hmt:normalized.1143,ρα,ῥά,proposed,
urn:cite:hmt:normalized.1534,ρά,ῥά,proposed,
urn:cite:hmt:normalized.492,ρά,ῥά,rejected,
urn:cite:hmt:normalized.469,ραψῳδίᾳ,ῥαψῳδία,proposed,
urn:cite:hmt:normalized.943,ρηϊδίως,ῥηϊδίως,proposed,
urn:cite:hmt:normalized.1700,ρεῖα,ῥεῖα,proposed,
urn:cite:hmt:normalized.1505,ρέξας,ῥέξας,proposed,
urn:cite:hmt:normalized.942,ρημα,ῥῆμα,proposed,
urn:cite:hmt:normalized.709,ρηματος,ῥήματος,proposed,
urn:cite:hmt:normalized.1287,ρήτορα,ῥήτορα,proposed,
urn:cite:hmt:normalized.46,ρίγησεν,ῥίγησεν,proposed,
urn:cite:hmt:normalized.336,ριφθεισης,ῥιφθείσης,proposed,
urn:cite:hmt:normalized.1611,ρινὸς,ῥινὸς,proposed,
urn:cite:hmt:normalized.1491,σ,σ᾽,proposed,
urn:cite:hmt:normalized.856,συ,σὺ,proposed,
urn:cite:hmt:normalized.523,συν,σύν,proposed,
urn:cite:hmt:normalized.954,συν,σὺν,proposed,
urn:cite:hmt:normalized.710,συν,σύν,proposed,
urn:cite:hmt:normalized.72,συν,σύν,proposed,
urn:cite:hmt:normalized.996,σαρκος,σαρκός,proposed,
urn:cite:hmt:normalized.48,σφυρων,σφυρῶν,proposed,
urn:cite:hmt:normalized.608,σφυρων,σφυρῶν,proposed,
urn:cite:hmt:normalized.470,σήμαινοντος,σημαίνοντος,proposed,
urn:cite:hmt:normalized.349,σκεψεως,σκέψεως,proposed,
urn:cite:hmt:normalized.1473,σοφος,σοφός,proposed,
urn:cite:hmt:normalized.751,σονἀλείφειν,συναλείφειν,proposed,
urn:cite:hmt:normalized.1245,σορεῦσαι,σωρεῦσαι,proposed,
urn:cite:hmt:normalized.1669,σπιδεος,σπιδέος,proposed,
urn:cite:hmt:normalized.1599,σπονδειακον,σπονδειακόν,proposed,
urn:cite:hmt:normalized.800,σπουδαζειν,σπουδάζειν,proposed,
urn:cite:hmt:normalized.1560,στεναχιζετο,στεναχίζετο,proposed,
urn:cite:hmt:normalized.366,στήσα,στῆσα,proposed,
urn:cite:hmt:normalized.1459,στηθεσσιν,στήθεσσιν,proposed,
urn:cite:hmt:normalized.969,στιγμης,στιγμῆς,proposed,
urn:cite:hmt:normalized.287,στικτεον,στικτέον,proposed,
urn:cite:hmt:normalized.774,στικτεον,στικτέον,proposed,
urn:cite:hmt:normalized.752,στιχου,στίχου,proposed,
urn:cite:hmt:normalized.944,στρατευσαμενων,στρατευσαμένων,proposed,
urn:cite:hmt:normalized.997,στρατιωτων,στρατιωτῶν,proposed,
urn:cite:hmt:normalized.300,στρατόφιν,στρατόφι,proposed,
urn:cite:hmt:normalized.753,σύνθετώ,συνθέτῳ,proposed,
urn:cite:hmt:normalized.1119,σύρξ,σάρξ,proposed,
urn:cite:hmt:normalized.1147,σύρξ,σάρξ,proposed,
urn:cite:hmt:normalized.1118,σύρκες,σάρκες,proposed,
urn:cite:hmt:normalized.1146,σύρκες,σάρκες,proposed,
urn:cite:hmt:normalized.801,συγκατατιθεται,συγκατατίθεται,proposed,
urn:cite:hmt:normalized.1032,συγκοπῆ,συγκοπῇ,proposed,
urn:cite:hmt:normalized.47,συμπεπτῶκέναι,συμπεπτωκέναι,proposed,
urn:cite:hmt:normalized.607,συμπεπτῶκέναι,συμπεπτωκέναι,proposed,
urn:cite:hmt:normalized.566,συναλιφην,συναλιφήν,proposed,
urn:cite:hmt:normalized.1117,συναπτεον,συναπτέον,proposed,
urn:cite:hmt:normalized.1145,συναπτεον,συναπτέον,proposed,
urn:cite:hmt:normalized.1221,συναπτεον,συναπτέον,proposed,
urn:cite:hmt:normalized.998,συνειλημμενον,συνειλημμένον,proposed,
urn:cite:hmt:normalized.883,συνεστηκεν,συνέστηκεν,proposed,
urn:cite:hmt:normalized.1386,συνσταλτέον,συσταλτέον,proposed,
urn:cite:hmt:normalized.1387,σχετλιαστικον,σχετλιαστικὸν,proposed,
urn:cite:hmt:normalized.350,τ,τ᾽,proposed,
urn:cite:hmt:normalized.1454,τας,τὰς,proposed,
urn:cite:hmt:normalized.920,τας,τᾶς,proposed,
urn:cite:hmt:normalized.945,τας,τᾶς,proposed,
urn:cite:hmt:normalized.677,της,τῆς,proposed,
urn:cite:hmt:normalized.921,τον,τὸν,proposed,
urn:cite:hmt:normalized.1067,των,τῶν,proposed,
urn:cite:hmt:normalized.802,των,τῶν,proposed,
urn:cite:hmt:normalized.174,τῆ᾽,τῆ᾽,proposed,
urn:cite:hmt:normalized.266,τῆ᾽,τῆ᾽,proposed,
urn:cite:hmt:normalized.1033,τα,τὰ,proposed,
urn:cite:hmt:normalized.1065,τα,τὰ,rejected,
urn:cite:hmt:normalized.1191,τα,τὰ,rejected,
urn:cite:hmt:normalized.1176,τα,τά,rejected,
urn:cite:hmt:normalized.884,τ᾽ε,τε,rejected,
urn:cite:hmt:normalized.1309,τη,τῇ,proposed,
urn:cite:hmt:normalized.472,το,τὸ,proposed,
urn:cite:hmt:normalized.49,το,τὸ,rejected,
urn:cite:hmt:normalized.524,το,τὸ,rejected,
urn:cite:hmt:normalized.609,το,τὸ,rejected,
urn:cite:hmt:normalized.567,το,τό,proposed,
urn:cite:hmt:normalized.1178,τω,τῶ,proposed,
urn:cite:hmt:normalized.1222,ταλαντα,τάλαντα,proposed,
urn:cite:hmt:normalized.1223,ταλαντον,τάλαντον,proposed,
urn:cite:hmt:normalized.1224,ταυτα,ταῦτα,proposed,
urn:cite:hmt:normalized.1258,ταυτα,ταῦτα,proposed,
urn:cite:hmt:normalized.1621,ταυτῷ,ταὐτῷ,proposed,
urn:cite:hmt:normalized.1317,ταχα,τάχα,proposed,
urn:cite:hmt:normalized.1040,τὰμεσίχροα,ταμεσίχροα,proposed,
urn:cite:hmt:normalized.1066,τὰμεσίχροα,ταμεσίχροα,proposed,
urn:cite:hmt:normalized.836,τειρει,τείρει,proposed,
urn:cite:hmt:normalized.1288,τεκος,τέκος,proposed,
urn:cite:hmt:normalized.675,τελεια,τελεία,proposed,
urn:cite:hmt:normalized.1572,τελευτη,τελευτή,proposed,
urn:cite:hmt:normalized.642,τελευτών,τελευτῶν,proposed,
urn:cite:hmt:normalized.1177,τελος,τέλος,proposed,
urn:cite:hmt:normalized.676,τελος,τέλος,proposed,
urn:cite:hmt:normalized.837,τελος,τέλος,proposed,
urn:cite:hmt:normalized.711,τεσσαρσι,τέσσαρσι,proposed,
urn:cite:hmt:normalized.946,τετραφθαι,τετράφθαι,proposed,
urn:cite:hmt:normalized.712,τετρασυλλαβως,τετρασυλλάβως,proposed,
urn:cite:hmt:normalized.1694,τετρωμενος,τετρωμένος,proposed,
urn:cite:hmt:normalized.713,τεύχε,τεύχε᾽,proposed,
urn:cite:hmt:normalized.1525,τευχε᾽,τεύχε᾽,proposed,
urn:cite:hmt:normalized.1474,τηρηθῆ,τηρηθῇ,proposed,
urn:cite:hmt:normalized.1318,τιμη,τιμῇ,proposed,
urn:cite:hmt:normalized.471,τιμῆ,τιμῇ,proposed,
urn:cite:hmt:normalized.1460,τιμηθήση,τιμηθήσῃ,proposed,
urn:cite:hmt:normalized.525,τοξοτην,τοξότην,proposed,
urn:cite:hmt:normalized.1330,τοδε,τόδε,proposed,
urn:cite:hmt:normalized.421,τονδ`᾽,τόνδ᾽,proposed,
urn:cite:hmt:normalized.1291,Τονδ`᾽,Τόνδ᾽,rejected,
urn:cite:hmt:normalized.1296,Τὸνδ`᾽,Τὸνδ᾽,rejected,
urn:cite:hmt:normalized.185,τούνεκα,τοὔνεκα,proposed,
urn:cite:hmt:normalized.93,τούνεκα,τοὔνεκα,proposed,
urn:cite:hmt:normalized.1018,τούνεκά,τοὔνεκά,proposed,
urn:cite:hmt:normalized.135,τούνεκά,τοὔνεκα,proposed,
urn:cite:hmt:normalized.227,τούνεκά,τοὔνεκα,proposed,
urn:cite:hmt:normalized.1511,τοῦτ,τοῦτ᾽,proposed,
urn:cite:hmt:normalized.288,τοῦτ,τοῦτ᾽,proposed,
urn:cite:hmt:normalized.714,τοῦτ,τοῦτ᾽,proposed,
urn:cite:hmt:normalized.775,τοῦτ,τοῦτ᾽,proposed,
urn:cite:hmt:normalized.1308,τοῦτέστι,τουτέστι,proposed,
urn:cite:hmt:normalized.568,τουτου,τούτου,proposed,
urn:cite:hmt:normalized.853,τὸνδ`᾽,τὸνδ᾽,proposed,
urn:cite:hmt:normalized.1506,τραπεζη,τραπέζῃ,proposed,
urn:cite:hmt:normalized.1120,τρεπει,τρέπει,proposed,
urn:cite:hmt:normalized.1148,τρεπει,τρέπει,proposed,
urn:cite:hmt:normalized.715,τρισυλλαβως,τρισυλλάβως,proposed,
urn:cite:hmt:normalized.367,τριτὸν,τρίτον,proposed,
urn:cite:hmt:normalized.1121,τροπῆ,τροπή,proposed,
urn:cite:hmt:normalized.1149,τροπῆ,τροπή,proposed,
urn:cite:hmt:normalized.726,ὕπέστρεψαν,ὑπέστρεψαν,proposed,
urn:cite:hmt:normalized.190,ὑπ᾽έασι,ὑπέασι,proposed,
urn:cite:hmt:normalized.98,ὑπ᾽έασι,ὑπέασι,proposed,
urn:cite:hmt:normalized.482,ὑπερ,ὑπέρ,proposed,
urn:cite:hmt:normalized.620,ὑπερ,ὑπέρ,proposed,
urn:cite:hmt:normalized.60,ὑπερβατον,ὑπέρβατον,proposed,
urn:cite:hmt:normalized.483,ὑπερκυδαντας,ὑπερκύδαντας,proposed,
urn:cite:hmt:normalized.204,ὑπο,ὑπό,proposed,
urn:cite:hmt:normalized.454,ὑπο,ὑπὸ,proposed,
urn:cite:hmt:normalized.650,ὑποδειγμα,ὑπόδειγμα,proposed,
urn:cite:hmt:normalized.537,ὑποληπτεόν,ὑποληπτέον,proposed,
urn:cite:hmt:normalized.1126,ὑποστικτεον,ὑποστικτέον,proposed,
urn:cite:hmt:normalized.1461,υγιῶς,ὑγιῶς,proposed,
urn:cite:hmt:normalized.368,υἱος,υἱός,proposed,
urn:cite:hmt:normalized.1415,υμῖν,ὑμῖν,proposed,
urn:cite:hmt:normalized.1416,υπεξαίρεσιν,ὑπεξαίρεσιν,proposed,
urn:cite:hmt:normalized.1034,ὑπ,ὑπ᾽,proposed,
urn:cite:hmt:normalized.352,ὑφ,ὑφ᾽,proposed,
urn:cite:hmt:normalized.83,φᾶσθαι,φάσθαι,proposed,
urn:cite:hmt:normalized.1068,φαεινῳ,φαεινῷ,proposed,
urn:cite:hmt:normalized.1691,φαρμακον,φάρμακον,proposed,
urn:cite:hmt:normalized.1267,φερεν,φέρεν,proposed,
urn:cite:hmt:normalized.803,φερτερον,φέρτερον,proposed,
urn:cite:hmt:normalized.1336,φιλεταιρικῆ,φιλεταιρικῇ,proposed,
urn:cite:hmt:normalized.409,φιλιαν,φιλίαν,proposed,
urn:cite:hmt:normalized.678,φιλος,φίλος,proposed,
urn:cite:hmt:normalized.1689,φιλῳ,φίλῳ,proposed,
urn:cite:hmt:normalized.947,φορτικον,φορτικόν,proposed,
urn:cite:hmt:normalized.1417,φθαρεντος,φθαρέντος,proposed,
urn:cite:hmt:normalized.1377,φθάση,φθάσῃ,proposed,
urn:cite:hmt:normalized.1545,φριξ,φρίξ,proposed,
urn:cite:hmt:normalized.999,φυγη,φυγῇ,proposed,
urn:cite:hmt:normalized.1000,φυγην,φυγήν,proposed,
urn:cite:hmt:normalized.1561,φωνῆ,φωνῇ,proposed,
urn:cite:hmt:normalized.50,χαλκευτικων,χαλκευτικῶν,proposed,
urn:cite:hmt:normalized.610,χαλκευτικων,χαλκευτικῶν,proposed,
urn:cite:hmt:normalized.1615,χαλκος,χαλκός,proposed,
urn:cite:hmt:normalized.1099,χειρος,χειρός,proposed,
urn:cite:hmt:normalized.569,χειρος,χειρός,proposed,
urn:cite:hmt:normalized.1562,χευωσιν,χεύωσιν,proposed,
urn:cite:hmt:normalized.643,χθώνι,χθονί,proposed,
urn:cite:hmt:normalized.679,χρειαν,χρείαν,proposed,
urn:cite:hmt:normalized.369,χρῆσεις,χρήσεις,proposed,
urn:cite:hmt:normalized.644,χρησιμον,χρήσιμον,proposed,
urn:cite:hmt:normalized.1492,χρησιν,χρῆσιν,proposed,
urn:cite:hmt:normalized.51,χρότα,χρῶτα,proposed,
urn:cite:hmt:normalized.611,χρότα,χρῶτα,proposed,
urn:cite:hmt:normalized.1225,χρυσιου,χρυσίου,proposed,
urn:cite:hmt:normalized.1246,χρυσου,χρυσοῦ,proposed,
urn:cite:hmt:normalized.1585,χρωνται,χρῶνται,proposed,
urn:cite:hmt:normalized.1452,ψιλην,ψιλήν,proposed,
urn:cite:hmt:normalized.896,ῴ,ὤ,proposed,
urn:cite:hmt:normalized.1275,ῶκα,ὦκα,proposed,
urn:cite:hmt:normalized.1277,ῶκα,ὦκα,proposed,
urn:cite:hmt:normalized.1011,ὠκυρρόῳ,ὠκυρόῳ,proposed,
urn:cite:hmt:normalized.729,ώμοι,ὤμοι,proposed,
urn:cite:hmt:normalized.927,ὡν,ὧν,proposed,
urn:cite:hmt:normalized.1368,ῶν,ὦν,proposed,
urn:cite:hmt:normalized.1680,ώνια,ὤνια,proposed,
urn:cite:hmt:normalized.106,ὠπτησε,ὤπτησε,proposed,
urn:cite:hmt:normalized.1493,ωρίσαντο,ὡρίσαντο,proposed,
urn:cite:hmt:normalized.1563,ωρμῆσθαι,ὡρμῆσθαι,proposed,
urn:cite:hmt:normalized.187,ὡρμῶντ᾽,ὁρμῶντ᾽,rejected,
urn:cite:hmt:normalized.95,ὡρμῶντ᾽,ὁρμῶντ᾽,rejected,
urn:cite:hmt:normalized.581,ῶρος,ὧρος,proposed,
urn:cite:hmt:normalized.1080,ῶρσε,ὦρσε,proposed,
urn:cite:hmt:normalized.1588,ῶρτο,ὦρτο,proposed,
urn:cite:hmt:normalized.1606,ῶρτο,ὦρτο,proposed,
urn:cite:hmt:normalized.384,ῶσα,ὦσα,proposed,
urn:cite:hmt:normalized.680,ως,ὡς,proposed,
urn:cite:hmt:normalized.1403,ῶσιν,ὦσιν,proposed,
urn:cite:hmt:normalized.383,ῳνοχόει,ᾠνοχόει,proposed,
urn:cite:hmt:normalized.1231,ῳήθης,ᾠήθης,proposed,


